qi,uf,u_new,P,res
0.4369282097373893,0.841224200129142,0.8363641425098925,9.09641663440225,0.914422300842537
0.8363641425098925,1.2164675481454463,1.2133621934957692,8.755848453762413,0.4509697257359678
1.2133621934957692,1.5716681111053825,1.5694383671767127,8.458700010042648,0.293707040569212
1.5694383671767127,1.9077115120879728,1.9060039216223543,8.167995340475242,0.21473927618336197
1.9060039216223543,2.225733297488044,2.224369459794244,7.896965392130143,0.16737242961571927
2.224369459794244,2.5268741108556063,2.5257518517646926,7.639408879519197,0.13588312294713603
2.5257518517646926,2.8122257609985515,2.8112810695342367,7.396709292114946,0.11349340447338663
2.8112810695342367,3.082815983736531,3.0820064467228994,7.167395551417646,0.09680116606087007
3.0820064467228994,3.3396067000321192,3.3389025968140422,6.950172649089024,0.08391109233190551
3.3389025968140422,3.5834950785614135,3.5828748676463893,6.744129940007957,0.07368356301221325
3.5828748676463893,3.8153168056403057,3.8147644221153065,6.54922398108778,0.06539213094780887
3.8147644221153065,4.035849754933484,4.035352923513617,6.364943751854483,0.05855180333043672
4.035352923513617,4.245817776718221,4.245366890289469,6.189964155575159,0.05282640608985495
4.245366890289469,4.445894296739021,4.445481721455032,6.023307231036107,0.047975555428170086
4.445481721455032,4.636705838252704,4.6363254479609335,5.86659896104428,0.04382281243230244
4.6363254479609335,4.818835380361122,4.818482160919955,5.716039523323003,0.04023572488271012
4.818482160919955,4.99282542960065,4.992495250386983,5.5744676600315355,0.03711294734699003
4.992495250386983,5.159180915663146,5.158870339552229,5.438929780192404,0.03437559636891212
5.158870339552229,5.318371910649436,5.318078053853112,5.310714449599832,0.031961375821966155
5.318078053853112,5.470836131594114,5.47055655194797,5.1881490124876,0.029820428301333735
5.47055655194797,5.616981262767386,5.616713890016032,5.072249662540945,0.027912393925276315
5.616713890016032,5.7571871408625155,5.756930192585619,4.960930944538082,0.02620424970224428
5.756930192585619,5.8918077353466325,5.891559690448688,4.855789768165026,0.02466873392645528
5.891559690448688,6.021173030055962,6.020932573615123,4.756020006023654,0.023283138592289396
6.020932573615123,6.145590740299577,6.145356712106662,4.658303263378996,0.022028406146828095
6.145356712106662,6.26534789863911,6.265119297360908,4.566263966686643,0.020888441502925698
6.265119297360908,6.380712353239443,6.380488344650853,4.479525945215007,0.019849565008934433
6.380488344650853,6.4919341601072675,6.491713966244893,4.394582205602688,0.01890005820202417
6.491713966244893,6.599246792999099,6.5990297466691725,4.3149449682541,0.018029865792507326
6.5990297466691725,6.702868373266027,6.7026538884697375,4.238657656341933,0.017230294375274346
6.7026538884697375,6.80300274216148,6.80279029485667,4.1643955505864705,0.016493800497709134
6.80279029485667,6.899840454333285,6.899629599879984,4.0947515465194035,0.015813817267331325
6.899629599879984,6.99355977068274,6.993350099067976,4.027080047392198,0.01518459830446045
6.993350099067976,7.084327455872318,7.084118616409921,3.962666666656172,0.01460110400639117
7.084118616409921,7.172299635470303,7.1720913112406475,3.900985869871952,0.014058896178454327
7.1720913112406475,7.257622509703458,7.257414419746498,3.84097549006652,0.013554055223220644
7.257414419746498,7.340433043487092,7.340224950344245,3.7841481695828927,0.01308311312214182
7.340224950344245,7.420859645156827,7.4206513260430675,3.7292315302655203,0.012642988225911124
7.4206513260430675,7.499022702533738,7.498813967820981,3.6763842461277547,0.012230939158322506
7.498813967820981,7.575035176973638,7.574825855933847,3.625703157400568,0.01184451891922773
7.574825855933847,7.649003082540377,7.648793030244004,3.5770938827454892,0.011481540700329917
7.648793030244004,7.7210259937184205,7.720815072093441,3.529788135945322,0.011140042748316053
7.720815072093441,7.791197425186973,7.790985528516637,3.4845607660282565,0.010818266041095466
7.790985528516637,7.8596053257215415,7.859392353113902,3.441301496451041,0.010514626716501546
7.859392353113902,7.926332359757586,7.926118229733038,3.399481714514151,0.010227696805802185
7.926118229733038,7.991456360399364,7.991240991570302,3.3569246032644044,0.009956188997003047
7.991240991570302,8.055050494873521,8.054833865682403,3.3227764652615535,0.009698930705876026
8.054833865682403,8.11718387253734,8.116965851711129,3.2809830739515955,0.009454867328020302
8.116965851711129,8.177921304285748,8.17770184932533,3.2391915647567178,0.009223039011846738
8.17770184932533,8.237324090402804,8.237103348179309,3.225502949444899,0.009002584619543638
8.237103348179309,8.295450377039277,8.29522792129641,3.1576723608973465,0.008792681632494958
8.29522792129641,8.352353916562095,8.352130079049283,3.1522900675275647,0.008592604776868006
8.352130079049283,8.408086924431773,8.4078613700054,3.094578568076084,0.00840172601467372
8.4078613700054,8.462697437690675,8.462470618547089,3.0925651819857674,0.008219430089884046
8.462470618547089,8.516232377850798,8.516003730436246,3.0428398065556497,0.008045143885051365
8.516003730436246,8.568734085777855,8.568503835604835,3.011749357579681,0.00787832749506584
8.568503835604835,8.620244205205527,8.620012460233147,2.999875110788481,0.007718586814517599
8.620012460233147,8.670801884349558,8.670568397808855,2.9553303834984437,0.007565447635331469
8.670568397808855,8.720443533384481,8.72020857957214,2.9482260904172395,0.007418511944125038
8.72020857957214,8.769204633626696,8.768967871908416,2.8912880007615236,0.007277427013525198
8.768967871908416,8.81711769424436,8.816879467769432,2.888763664969926,0.007141836101418094
8.816879467769432,8.864214783338818,8.863974892037621,2.8626864424495677,0.007011448756514464
8.863974892037621,8.91052532985626,8.910284170959777,2.8610491795366184,0.006885984623552973
8.910284170959777,8.956078495423295,8.955835272105821,2.7816432254033643,0.006765133073202803
8.955835272105821,9.000899552273546,9.000654735610805,2.7813120687465767,0.006648594922965824
9.000654735610805,9.045014933744023,9.04476887540086,2.780876103413868,0.006536289746832849
9.04476887540086,9.088449715092757,9.088201910903786,2.750972148132593,0.006427899711593269
9.088201910903786,9.13122606915334,9.130976621008498,2.7176293553101254,0.006323203204081577
9.130976621008498,9.173366195184377,9.173115343654448,2.713989984657319,0.0062220792130258515
9.173115343654448,9.21489152165918,9.214639003075932,2.6784159579616817,0.006124320106335943
9.214639003075932,9.255821523381703,9.255567669710791,2.6772460043677944,0.0060297667724332985
9.255567669710791,9.296175951002448,9.295920370143941,2.637605747607667,0.005938262123037019
9.295920370143941,9.335972175628632,9.335715276505981,2.636877342389592,0.005849653658303568
9.335715276505981,9.37522837443118,9.374969804511283,2.5993594008318315,0.005763826513335682
9.374969804511283,9.4139603042826,9.413700324458627,2.595912048001328,0.005680614530217371
9.413700324458627,9.452184370537006,9.45192321825325,2.5947200706168023,0.005599976751085679
9.45192321825325,9.489916259970641,9.489653268784243,2.539492319207662,0.005521730759914819
9.489653268784243,9.527169063418798,9.526904652279113,2.5387964114892423,0.005445739176989128
9.526904652279113,9.56395730953138,9.563691701887286,2.5384892443078635,0.005372007916994801
9.563691701887286,9.600294810660735,9.60002831103307,2.5385738475553667,0.005300442675534545
9.60002831103307,9.636194721889224,9.635925963177755,2.454381674988918,0.0052308643074758234
9.635925963177755,9.671666913502284,9.67139660314255,2.4549628051543646,0.005163124357316392
9.67139660314255,9.70672389049142,9.706452529434134,2.4801963390665778,0.0050973252220451945
9.706452529434134,9.741378021455368,9.74110589052821,2.4804484809179868,0.005033392398535352
9.74110589052821,9.77564070490082,9.775366509692677,2.4229230077930173,0.00497109407542556
9.775366509692677,9.809519813370837,9.809244356932256,2.423368177173348,0.004910428282755095
9.809244356932256,9.84302631966334,9.842749757557632,2.411684879987392,0.004851407131305736
9.842749757557632,9.876170402499508,9.875892395692443,2.388640757473236,0.00479379433662788
9.875892395692443,9.908960383389841,9.908681301738374,2.389049317716628,0.004737749277892239
9.908681301738374,9.941405637336231,9.941125078435896,2.366300619034997,0.004683134590838647
9.941125078435896,9.973514248949519,9.973232646924798,2.3666936858963195,0.004629871450078043
9.973232646924798,10.005294912017298,10.005011711748367,2.3287401007875768,0.004577932226710626
10.005011711748367,10.036754340649663,10.036470077140558,2.329180066033095,0.004527234064213882
10.036470077140558,10.067900991692305,10.067615364733452,2.321056246487262,0.00447777795295955
10.067615364733452,10.098741958665924,10.09845517516206,2.314065545459374,0.004429444166754435
10.09845517516206,10.129284317342721,10.128996497164797,2.313498452826378,0.004382315392827643
10.128996497164797,10.159535258038348,10.15924660465578,2.313795267543564,0.004336325436829013
10.15924660465578,10.189501708739467,10.189210955645969,2.2225693736751153,0.004291424704583356
10.189210955645969,10.219187401827774,10.218895348673398,2.223231431987446,0.0042474172126959215
10.218895348673398,10.248599515100514,10.248306869299624,2.2924485174541647,0.004204487707114736
10.248306869299624,10.277745931835673,10.277452032451958,2.246397385642408,0.004162448793601303
10.277452032451958,10.306630970550703,10.306336187854493,2.2468301507047634,0.004121439367160439
10.306336187854493,10.335260746810738,10.334964402147149,2.205989419801113,0.004081318747644534
10.334964402147149,10.36363955724692,10.363342174826274,2.2065518232287937,0.0040420512387611615
10.363342174826274,10.391773181418039,10.391474699882146,2.2031199327527844,0.004003655730456175
10.391474699882146,10.419666436999039,10.419367137173536,2.203552460611502,0.0039660984392839
10.419367137173536,10.447324737618276,10.447024041552112,2.185643112636899,0.003929342136324528
10.447024041552112,10.474752124977526,10.47445051083432,2.18611949723988,0.003893336710113493
10.47445051083432,10.50195364420102,10.501650694082105,2.1399377679227527,0.0038581201220520083
10.501650694082105,10.528932657163315,10.52862865420762,2.1436436476454586,0.0038235282205607048
10.52862865420762,10.55569409880332,10.555389186986348,2.14430180541743,0.0037897316408353242
10.555389186986348,10.582242404476004,10.581936332927523,2.14267136644455,0.003756626514385595
10.581936332927523,10.608581342911501,10.608274435058428,2.1432280102985857,0.0037241935939060712
10.608274435058428,10.634715271175402,10.63440716735216,2.1163473120323038,0.003692410022816159
10.63440716735216,10.660647286828938,10.660338361434585,2.1168494774955704,0.0036612628841576774
10.660338361434585,10.686381614369212,10.686071530024147,2.1056723928923926,0.003630743868349985
10.686071530024147,10.711921524283682,10.711610620500624,2.1061825977191573,0.0036008018529966037
10.711610620500624,10.737270915585322,10.736958713874888,2.065529026486492,0.003571474280921474
10.736958713874888,10.762432130689144,10.762119053652421,2.0661630561190396,0.00354267871520667
10.762119053652421,10.787409140229599,10.787094966118188,2.068970730661074,0.0035144465204279872
10.787094966118188,10.812205001164083,10.811889991424785,2.069652611225198,0.0034867462504082863
10.811889991424785,10.836823221789482,10.836507399896634,2.06871899137122,0.0034596022479975886
10.836507399896634,10.861266969839258,10.860950162255552,2.0547621231187474,0.003432902180373826
10.860950162255552,10.885538841876944,10.885221285283437,2.0553020293263993,0.003406769086974734
10.885221285283437,10.909642117461285,10.909323170642738,2.0080692221265033,0.003381125192105973
10.909323170642738,10.933578362043967,10.933258529253967,2.0088013028940157,0.003355900893011475
10.933258529253967,10.957350968209475,10.957030439027106,2.033180419574577,0.0033311771896479504
10.957030439027106,10.980963155213779,10.980641966507118,2.033719672408599,0.0033069188089108535
10.980641966507118,11.004417739908574,11.00409529600624,1.99802892030799,0.003283091310593724
11.00409529600624,11.027716179205617,11.02739295091833,1.9986546353256462,0.003259666507471933
11.02739295091833,11.050861514229673,11.050537407463676,1.9905054472706802,0.0032367069658590323
11.050537407463676,11.073855967700984,11.073531150758972,1.9911075833717233,0.003214122164972147
11.073531150758972,11.096702299188422,11.096376348534461,1.971250109423816,0.003191958423459875
11.096376348534461,11.119402156710578,11.119075332879076,1.968685480416486,0.003170074745494643
11.119075332879076,11.141957922918293,11.141630337193764,1.9694685134843497,0.0031486628327114328
11.141630337193764,11.164372089732407,11.16404373361913,1.9632292089012684,0.0031276433678536926
11.16404373361913,11.186646922991414,11.186317939492492,1.963796767553128,0.0031069748036886757
11.186317939492492,11.208784784304106,11.20845459972056,1.9390933634103638,0.003086668165013905
11.20845459972056,11.2307865565674,11.230455588550697,1.9398397517020312,0.0030666827256691344
11.230455588550697,11.252654784687486,11.252323159896974,1.9402810965415718,0.0030470777291612583
11.252323159896974,11.274391874088687,11.274059408817621,1.932404312723092,0.003027727822841352
11.274059408817621,11.295999406382924,11.295666292296819,1.9330607370514554,0.003008767588358848
11.295666292296819,11.317479573665173,11.317145290279923,1.8990606256120575,0.0029901400570176854
11.317145290279923,11.338833125395979,11.338498085895983,1.8999286514105809,0.0029717677103015656
11.338498085895983,11.360062426686905,11.359726746483792,1.910505894050112,0.002953732931632745
11.359726746483792,11.38116966924791,11.38083339357741,1.9112123308027433,0.002936003591223443
11.38083339357741,11.402156734233149,11.401819532076075,1.8985505486074723,0.0029185652461105782
11.401819532076075,11.423024635063067,11.42268672389939,1.8964335257926952,0.002901364013118321
11.42268672389939,11.44377531596763,11.443436787628611,1.8971584151565748,0.0028844934515727494
11.443436787628611,11.464410588573697,11.464070980210169,1.8591494820145213,0.0028679124241920272
11.464070980210169,11.484931143796818,11.484590817958217,1.8600189441823043,0.0028515462305762065
11.484590817958217,11.505338970219288,11.504998019996941,1.874550095486795,0.0028354676001965695
11.504998019996941,11.52563582116229,11.525294279725566,1.8753457091600398,0.002819658486351683
11.525294279725566,11.545823360019739,11.545481040468784,1.8674983582693583,0.0028041098158813568
11.545481040468784,11.565902926553607,11.565559887345572,1.8573968697634335,0.002788743178476625
11.565559887345572,11.585875716211714,11.585532083723882,1.8581844075586724,0.002773673829554447
11.585532083723882,11.605743416081454,11.60539881524223,1.8315961144424644,0.0027588535014293402
11.60539881524223,11.625506712525189,11.625161460975404,1.8324787895923995,0.002744226172109445
11.625161460975404,11.645167349734725,11.644821428634017,1.8346384589188052,0.0027298464928626172
11.644821428634017,11.664726611231252,11.664380102623511,1.8355203572605718,0.002715698252228166
11.664380102623511,11.684186031232237,11.68383882301992,1.8334282952917176,0.0027017773263482182
11.68383882301992,11.703546803538163,11.703199057516105,1.8342259444105278,0.0026880582733233393
11.703199057516105,11.722810408568174,11.722461741248814,1.8073570053954415,0.0026745625236233844
11.722461741248814,11.741977217464155,11.741627920794533,1.8083347965084131,0.002661247291242909
11.741627920794533,11.761048858139365,11.760698989214491,1.8111155357367792,0.0026481574375320383
11.760698989214491,11.780026713286489,11.779676198393743,1.810886951013379,0.002635234091203873
11.779676198393743,11.798911972296882,11.798560934713668,1.8118222798228865,0.0026225388820444537
11.798560934713668,11.817705926070282,11.817354059464664,1.7908784337479442,0.0026100499847419474
11.817354059464664,11.836408887218202,11.836056411964734,1.7917553796339454,0.0025977095500304285
11.836056411964734,11.855022406725201,11.854669385794123,1.7926835076497911,0.002585581090009897
11.854669385794123,11.873547695532794,11.873194011813393,1.781928229828015,0.002573662120018092
11.873194011813393,11.891985718874409,11.891631511853062,1.7827890338702848,0.0025618902756061345
11.891631511853062,11.91033771044466,11.909982697492174,1.7711768910403853,0.0025503006062866365
11.909982697492174,11.928603989029948,11.928248398926012,1.772220848262988,0.0025388687297174003
11.928248398926012,11.946785940742624,11.946429814346276,1.7754710111551184,0.0025276317637037055
11.946429814346276,11.964884830624538,11.964528128365394,1.76966812220172,0.002516494799800083
11.964528128365394,11.982901482395151,11.982544296222153,1.7705908713152503,0.0025055843787619566
11.982544296222153,12.000837049017626,12.00047900532179,1.7473977804852256,0.0024948342850218785
12.00047900532179,12.01869166535359,12.018333063211395,1.7484378940745011,0.002484212295573467
12.018333063211395,12.036466661407148,12.036107577289716,1.7527306687386357,0.0024737653365652875
12.036107577289716,12.054163225522203,12.05380365793695,1.7536703274843868,0.002463480735445399
12.05380365793695,12.071782319934432,12.071422073447634,1.7449219140263161,0.0024533330493912856
12.071422073447634,12.089324375410087,12.088963632149943,1.7458528837290062,0.0024433356167227276
12.088963632149943,12.106790535924002,12.106429152481601,1.7351217390891573,0.0024334970110812437
12.106429152481601,12.12418146667247,12.123819523964237,1.7336499674225503,0.0024237522510059677
12.123819523964237,12.141498026063577,12.141135608853965,1.7346909365681136,0.002414186926941847
12.141135608853965,12.158741232741894,12.15837808875416,1.7197409888511421,0.0024047712816255297
12.15837808875416,12.17591139392855,12.175547747144144,1.7208182906838954,0.002395455543370775
12.175547747144144,12.193009622818602,12.192645465140611,1.7216236845866828,0.0023862874571531144
12.192645465140611,12.21003672781924,12.20967210016563,1.7226752766895495,0.0023772681071082377
12.20967210016563,12.226993642668008,12.226628479429497,1.7187090482402108,0.002368373004700307
12.226628479429497,12.243880990161538,12.243515305956791,1.7175609274415589,0.0023595754690355257
12.243515305956791,12.260699585375583,12.260333476204805,1.7185086602406627,0.0023509243602458612
12.260333476204805,12.277450304132993,12.277083318741534,1.6877038203568955,0.0023424300984936524
12.277083318741534,12.29413278544912,12.293765263414308,1.6889943938275613,0.0023340048522323287
12.293765263414308,12.310748239773242,12.310380389985035,1.7023938114204566,0.0023257352548770936
12.310380389985035,12.327298045852036,12.326929711746788,1.7023641175006785,0.0023175230384184786
12.326929711746788,12.343782610958216,12.343413879982027,1.7034357448344704,0.0023094783549610196
12.343413879982027,12.360202821728988,12.359833351296803,1.6886203915397866,0.002301551991943632
12.359833351296803,12.376558725943289,12.376188782236895,1.6897801644921469,0.0022937055504456986
12.376188782236895,12.392851297462116,12.392480965681324,1.6878499737125534,0.0022859855077624214
12.392480965681324,12.40908124797178,12.40871033968428,1.6806815688990067,0.0022783504084377872
12.40871033968428,12.42524908788494,12.424877750869424,1.6818363982048137,0.0022708428300259684
12.424877750869424,12.44135561575575,12.440983720462059,1.6792715052532532,0.002263439787573306
12.440983720462059,12.457401240046282,12.457028901584302,1.6803612668220664,0.0022561441559999845
12.457028901584302,12.473386759019524,12.473013858436287,1.66776645608003,0.00224894209724421
12.473013858436287,12.48931247997809,12.48893913106542,1.6689250119948602,0.0022418495047219766
12.48893913106542,12.505179191548649,12.504805345765561,1.6693686428253787,0.0022348377177092665
12.504805345765561,12.520987455638586,12.520613187539935,1.6705315948332693,0.0022279491266518313
12.520613187539935,12.536737999925991,12.536363340121689,1.6683413537075793,0.002221147318288404
12.536363340121689,12.552431456540997,12.552056110208035,1.650281566029175,0.0022144219214195815
12.552056110208035,12.568067807373009,12.567692024105801,1.6516260603876514,0.002207799375809331
12.567692024105801,12.583647921150124,12.583271698154727,1.6534166320816608,0.002201268150512899
12.583271698154727,12.599172400245479,12.598795766751426,1.654687769038965,0.0021948211521717704
12.598795766751426,12.614641914475035,12.614264835761793,1.6553642327222042,0.0021884711518711845
12.614264835761793,12.630056919874196,12.629679441942542,1.6565998935363109,0.0021822211141139685
12.629679441942542,12.645418090484492,12.645040103596326,1.6507346948407724,0.0021760573560755353
12.645040103596326,12.660725661146659,12.660347243194096,1.6507606528567011,0.0021699464705790352
12.660347243194096,12.675980307909462,12.675601523696175,1.651927436821628,0.00216393927332161
12.675601523696175,12.691182666342886,12.69080320401431,1.624046315741888,0.0021580445108766743
12.69080320401431,12.706332510695166,12.705952571795404,1.6277900022323084,0.0021521730681343444
12.705952571795404,12.721430622154141,12.721050268618805,1.6293864499110562,0.002146406107236481
12.721050268618805,12.736477630091072,12.73609705455209,1.6512674635333364,0.002140744126386875
12.73609705455209,12.751474515097328,12.751093612909132,1.652405772087553,0.0021351349345237946
12.751093612909132,12.766421752183494,12.766040074126085,1.6158418855315395,0.002129600525916738
12.766040074126085,12.781318702045168,12.780936583169296,1.617419327840798,0.0021241360354263537
12.780936583169296,12.796166270762043,12.795783928665472,1.6375611770846334,0.002118764279014358
12.795783928665472,12.810965499870353,12.81058273038014,1.6341141164426818,0.0021134295594944156
12.81058273038014,12.825716557913509,12.825333453982095,1.6353400743325954,0.002108203084372596
12.825333453982095,12.840420039882165,12.840036241054701,1.6067813395724715,0.0021030419166951308
12.840036241054701,12.855075613325011,12.854691375588393,1.6082424577124135,0.002097949705741232
12.854691375588393,12.869684015462092,12.869299610911218,1.6285779166720582,0.0020929134220116965
12.869299610911218,12.884246215982376,12.883861476470528,1.6298049760004445,0.0020879806092449554
12.883861476470528,12.898762603029889,12.898377171249097,1.6077183109373816,0.002083090191856493
12.898377171249097,12.91323290195475,12.912847063065223,1.6092059756981454,0.0020782635490634704
12.912847063065223,12.927657826540798,12.927271713197662,1.6137512097665703,0.0020735040363841924
12.927271713197662,12.942037859290995,12.941651353076661,1.6143388928519642,0.002068803751310788
12.941651353076661,12.956373546739725,12.95598672001349,1.6156619382987925,0.0020641815759090214
12.95598672001349,12.970665379123131,12.970277977160706,1.6047069580620563,0.0020596137353710298
12.970277977160706,12.984913199213674,12.984525405648567,1.6061130782975213,0.0020551102730134796
12.984525405648567,12.999117639107167,12.998729574229369,1.6053580607835538,0.002050657959092463
12.998729574229369,13.013279285496404,13.01289087562503,1.6066379151618655,0.002046304008690003
13.01289087562503,13.027398549221925,13.027009568447765,1.5997879455150434,0.0020419858309660404
13.027009568447765,13.041475323165113,13.041086003519846,1.6003076450174383,0.0020377045018416503
13.041086003519846,13.055510296560504,13.055120648045579,1.6017548225568634,0.0020335017525037846
13.055120648045579,13.069503916139912,13.0691138527738,1.6002788585897356,0.0020293573321362324
13.0691138527738,13.083456390666766,13.083065983770707,1.6016071919462889,0.0020252685762034315
13.083065983770707,13.097368204855677,13.096977227621883,1.5811877683632476,0.0020212325816869434
13.096977227621883,13.11123913907257,13.110847758165091,1.5828393659187117,0.002017275922983672
13.110847758165091,13.12506980449215,13.124678279078196,1.6012120954619573,0.002013346110951611
13.124678279078196,13.13886113759014,13.138469312834975,1.6025387138775369,0.002009486014393295
13.138469312834975,13.152613404500086,13.152220959402067,1.5864113856050615,0.0020056555292541738
13.152220959402067,13.166326252950858,13.165933425128316,1.5879886716226808,0.0020019090638532322
13.165933425128316,13.180000281224142,13.179607267688805,1.5905066389080644,0.001998193634433613
13.179607267688805,13.193636122253917,13.193242627764864,1.5866918669160885,0.0019945147950329264
13.193242627764864,13.207233836322539,13.206840026462153,1.58822500201911,0.0019909052334031166
13.206840026462153,13.220793921085562,13.220399689143969,1.5827199648120431,0.0019873465419006702
13.220399689143969,13.234316392912179,13.23392181052371,1.5841948588029005,0.001983844120336043
13.23392181052371,13.247801727199624,13.247406782400859,1.5839842023002062,0.00198036229983606
13.247406782400859,13.261250299042214,13.260855016238603,1.585507047007044,0.0019769650841007457
13.260855016238603,13.274662447913235,13.274266867181655,1.582858839503112,0.0019735867513798553
13.274266867181655,13.28803845152078,13.28764241741012,1.5798963297434654,0.0019702685191764187
13.28764241741012,13.301378472532068,13.300982131761684,1.581465941547803,0.0019669874920362623
13.300982131761684,13.314682968020238,13.314286307445784,1.5812898408456808,0.0019637539030589644
13.314286307445784,13.327952184535905,13.327555202224946,1.5826910760644424,0.0019605773741012723
13.327555202224946,13.341186519991632,13.340788958207087,1.5648550127500813,0.00195744128121896
13.340788958207087,13.354385647585026,13.353987708196529,1.5666300634650714,0.001954353251331414
13.353987708196529,13.367550126471146,13.367152048751796,1.576265106424745,0.0019512924509821291
13.367152048751796,13.38068061712722,13.380282134961693,1.5771970116592822,0.001948283724176868
13.380282134961693,13.393777297310288,13.39337852974149,1.5788610005309907,0.001945313299670864
13.39337852974149,13.406840544777484,13.406441384680313,1.5744086297024693,0.0019423809892128749
13.406441384680313,13.419870327525537,13.419470837632376,1.575971961359959,0.001939516597919156
13.419470837632376,13.43286710038697,13.432467252382937,1.5700161254343672,0.0019366632073290501
13.432467252382937,13.445831023449633,13.445430846154142,1.571704997552946,0.0019338668739790736
13.445430846154142,13.45876246384643,13.458361937073713,1.570253827257331,0.0019311036786604664
13.458361937073713,13.471661591762931,13.471260765270499,1.5718631643541525,0.001928383868967444
13.471260765270499,13.484528827452847,13.484127615681189,1.569768857565112,0.0019257051491819337
13.484127615681189,13.497364211941857,13.496962685641021,1.5705866758409137,0.0019230445838238376
13.496962685641021,13.510168066515185,13.50976626200608,1.5722249376826731,0.0019204298999206573
13.50976626200608,13.522940774173076,13.522538510726614,1.5600404954794185,0.0019178693401282086
13.522538510726614,13.535682250432922,13.53527963738219,1.561854255941856,0.0019153413772227297
13.53527963738219,13.548392922390905,13.54799001817923,1.5656432080126674,0.0019128343201951477
13.54799001817923,13.561072962353766,13.560669737119422,1.5673841800445971,0.001910388182602436
13.560669737119422,13.57372270635677,13.573319255786076,1.5702049262182851,0.0019079467778572914
13.573319255786076,13.586342704848208,13.585938885838136,1.570463598707317,0.0019055735218086796
13.585938885838136,13.59893299113188,13.59852891883145,1.57208359799694,0.0019032023870116496
13.59852891883145,13.61149392966956,13.611089325579822,1.557092913127376,0.001900903351514554
13.611089325579822,13.62402505689108,13.623620116706526,1.559046800063776,0.0018986128801553037
13.623620116706526,13.636526929828836,13.636121803793728,1.56607058450608,0.0018963573999503578
13.636121803793728,13.64900017039411,13.648594747778771,1.5677849442388891,0.0018941516647326487
13.648594747778771,13.661444972837492,13.661039224380398,1.5652878321537915,0.0018919547669499835
13.661039224380398,13.673861262529968,13.673455151316922,1.5660229925662117,0.0018898065528322075
13.673455151316922,13.686249363051914,13.685842992153487,1.5677921326444624,0.0018876746457598195
13.685842992153487,13.698609607721272,13.698202848152318,1.5610788564918239,0.0018856079470758263
13.698202848152318,13.710942015377118,13.71053490061718,1.5602673027164906,0.001883538181914165
13.71053490061718,13.723246726066934,13.72283932718825,1.5620471973019117,0.0018815180232497394
13.72283932718825,13.735524091977169,13.735116426307563,1.5636788377926996,0.001879506937072211
13.735116426307563,13.747774456124615,13.747366492370173,1.5653323692154242,0.0018775568671351545
13.747366492370173,13.759997989043313,13.759589636265192,1.5606230362816278,0.0018756084078887097
13.759589636265192,13.772194748910167,13.77178607787161,1.5623101996296125,0.0018737344198927136
13.77178607787161,13.784364952676324,13.783956023850791,1.5625302800070995,0.0018718399365271713
13.783956023850791,13.796508975055282,13.796099766576166,1.5642064165715692,0.0018700206279417299
13.796099766576166,13.808627000412468,13.808217397356364,1.5613184509325972,0.0018681888260094197
13.808217397356364,13.820719004694213,13.820309089551545,1.563152408116697,0.001866415538978651
13.820309089551545,13.832785337673304,13.832375223299344,1.5626545921691992,0.0018646429497447443
13.832375223299344,13.844826282401044,13.844415774844688,1.5624300695481774,0.0018629230429899266
13.844415774844688,13.85684188043225,13.856431111174729,1.5642111327857202,0.0018612081930957562
13.856431111174729,13.868832488898683,13.86842134389541,1.5605341103159927,0.001859542198525302
13.86842134389541,13.8807980758585,13.880386617615164,1.561621825615962,0.0018578882987075245
13.880386617615164,13.892738925568285,13.892327204228307,1.563525917245789,0.0018562610839356166
13.892327204228307,13.904655325163409,13.90424334489716,1.5643007426925444,0.0018546616184511684
13.90424334489716,13.916547436149692,13.91613514984972,1.5659536641763538,0.0018531138021258254
13.91613514984972,13.92841544083623,13.92800264319795,1.5540144127750797,0.0018515554304872094
13.92800264319795,13.940259151341671,13.93984604218759,1.5559850233515418,0.0018500646804383127
13.93984604218759,13.952078862221011,13.951665655247908,1.5668161579794617,0.001848551769855686
13.951665655247908,13.963875299034418,13.963461813386456,1.5686291949092468,0.0018471075645978465
13.963461813386456,13.975648529896608,13.975234649243056,1.565098006001146,0.0018456533754369745
13.975234649243056,13.987398365946019,13.986984168453887,1.5665410588368225,0.0018442407043921083
13.986984168453887,13.999125204018581,13.998710759303066,1.5685089104773364,0.0018428307427922667
13.998710759303066,14.01082928209911,14.010414429621443,1.5581088961976335,0.001841469656211108
14.010414429621443,14.022510338581137,14.022095172074792,1.5601139798508052,0.0018401352669709168
14.022095172074792,14.034168712975358,14.033753289051802,1.563271637608663,0.00183879551078735
14.033753289051802,14.045804826642549,14.045389111105575,1.5651322316505156,0.001837520893755199
14.045389111105575,14.057418696154226,14.057002689336453,1.5712733722456678,0.0018362295199317335
14.057002689336453,14.069010702028727,14.068594418895042,1.5732399541282862,0.0018350005865247045
14.068594418895042,14.080580937130424,14.08016440222277,1.5667152777776339,0.0018337533859573163
14.08016440222277,14.09212952004585,14.091712680940592,1.5685621064750759,0.001832569484052558
14.091712680940592,14.10365659887086,14.103239313182705,1.5660473199291618,0.0018313649560286972
14.103239313182705,14.115162201640908,14.114744619304108,1.567909013111996,0.0018302210651155468
14.114744619304108,14.126646460552553,14.126228694408379,1.5708571716057205,0.0018290560523122198
14.126228694408379,14.138109900607049,14.137691826478825,1.5714367473753057,0.0018279508840873518
14.137691826478825,14.14955245222287,14.149134125189022,1.5734067941807517,0.0018268454031707
14.149134125189022,14.1609743885397,14.160555611127084,1.5691913026828432,0.0018258011344857669
14.160555611127084,14.172375668417297,14.171956626181192,1.5712812187861234,0.0018247127999695982
14.171956626181192,14.183756577118691,14.183337363402968,1.5709245706188861,0.0018236720892845313
14.183337363402968,14.195117226290074,14.194697628373376,1.5719940004289612,0.0018226761387172925
14.194697628373376,14.20645773837746,14.206037873079316,1.5739379742626192,0.0018216792198244393
14.206037873079316,14.217778351174465,14.217358138576529,1.5724239622234382,0.0018207007171595327
14.217358138576529,14.229079145250115,14.228658623941731,1.5737394383686953,0.00181974380057288
14.228658623941731,14.24036028488255,14.23993950649551,1.5757880979912122,0.0018187987747833587
14.23993950649551,14.251622021467991,14.251200980159265,1.576104808568389,0.0018178804915368232
14.251200980159265,14.262864379664679,14.262443018305218,1.5780267070453908,0.0018170033155521619
14.262443018305218,14.274087516687526,14.273665702468799,1.5682151346311008,0.0018161164933365556
14.273665702468799,14.285291375166882,14.284869232156698,1.570350270826558,0.0018152760468783812
14.284869232156698,14.296476072307225,14.29605383129019,1.581885585857363,0.0018144138746510336
14.29605383129019,14.307642369737414,14.307219857580888,1.5837499928121799,0.0018136142214494305
14.307219857580888,14.318790148738326,14.318367202107416,1.5794981422547731,0.0018127918925222107
14.318367202107416,14.329919359822759,14.329496130030236,1.5815659291392978,0.0018120161930595031
14.329496130030236,14.341030220347537,14.340606729635809,1.5836684959517606,0.0018112381578200053
14.340606729635809,14.352122922639774,14.351699101989684,1.577620116631306,0.0018104860865164366
14.351699101989684,14.363197529238942,14.362773376647272,1.5796838626921765,0.0018097741464042267
14.362773376647272,14.374254106449737,14.373829629134331,1.5830115892027044,0.0018090365612441347
14.373829629134331,14.385292868683374,14.38486810176233,1.585038534455226,0.0018083614593615116
14.38486810176233,14.396313866960494,14.395888856066884,1.5890658342028834,0.0018076592741687516
14.395888856066884,14.407317633260641,14.406892351440215,1.591075941692749,0.0018070161938309904
14.406892351440215,14.418304107936793,14.417878503716206,1.5860573854593238,0.001806350454038291
14.417878503716206,14.429273291669992,14.428847308852072,1.5874557302168244,0.0018057325658345843
14.428847308852072,14.440225307688204,14.43979904796966,1.5896850238716673,0.0018051061054004476
14.43979904796966,14.45116032569424,14.450733867685146,1.5920787657265807,0.001804495854400671
14.450733867685146,14.462078671387436,14.461651761488998,1.5895608100999152,0.0018039519420686547
14.461651761488998,14.472980134336506,14.472552937449544,1.5917385221411233,0.0018033681040040361
14.472552937449544,14.483864986332417,14.483437545486682,1.5935416894522987,0.0018028033975935056
14.483437545486682,14.494733484230139,14.494305727950152,1.5956467266900498,0.0018022808817914357
14.494305727950152,14.505585608393089,14.50515761044028,1.5966118724185543,0.0018017436014717437
14.50515761044028,14.516421638722337,14.515993274823332,1.59794345992396,0.0018012645508509609
14.515993274823332,14.527241595527281,14.526812967931816,1.5999489102620676,0.001800770174750868
14.526812967931816,14.538045660687095,14.537616517916545,1.5901033275917125,0.0018002976132408316
14.537616517916545,14.548833568452403,14.548404090323315,1.5922871652967037,0.0017998486244198918
14.548404090323315,14.559605461203613,14.559175892050922,1.6043207708487242,0.001799379654158852
14.559175892050922,14.570362147930977,14.569932312791996,1.606400216868677,0.0017989826316052056
14.569932312791996,14.581103505923881,14.580673224081005,1.6040660520851322,0.0017985531235877787
14.580673224081005,14.591829511348458,14.591398948894021,1.6047524042281496,0.0017981411485065283
14.591398948894021,14.602540242559748,14.602109406045685,1.6070981506636912,0.0017977430919625115
14.602109406045685,14.613235921608105,14.61280468455505,1.6040905881034349,0.0017973934136893096
14.61280468455505,14.6239165532756,14.623485019347555,1.6063860938297303,0.0017970145245581048
14.623485019347555,14.634582290648602,14.634150462990123,1.6076089505262476,0.0017966528944396674
14.634150462990123,14.645233246869733,14.644801078283898,1.6104282368709353,0.0017963422379373099
14.644801078283898,14.655869517710743,14.655437063421429,1.6126432372527404,0.0017960143026410846
14.655437063421429,14.666491233283129,14.666058489302763,1.6152352087500794,0.001795692473218274
14.666058489302763,14.67709877107097,14.676665730362018,1.6172492826812286,0.0017954150930328881
14.676665730362018,14.687692093288986,14.68725878658029,1.6192576517812174,0.0017951325742128306
14.68725878658029,14.69827137338138,14.697837526813382,1.6095975357408832,0.0017948535015650338
14.697837526813382,14.708836255182213,14.708402081994313,1.6118574633430005,0.0017946177336001263
14.708402081994313,14.719386905580537,14.718952509433295,1.6201109188608274,0.001794352207423262
14.718952509433295,14.729924082242752,14.729489400640377,1.6223433730691206,0.0017941340264642155
14.729489400640377,14.740447612497428,14.740012663030008,1.623539965529566,0.001793895484151789
14.740012663030008,14.750957524219904,14.750522207202055,1.6257507691604143,0.0017937094236843648
14.750522207202055,14.761454003920488,14.761018396680763,1.6281597493581057,0.0017935073983863486
14.761018396680763,14.771937216140252,14.771501144774225,1.6229912652048706,0.001793345685569552
14.771501144774225,14.782406945548322,14.781970561424107,1.6254888318726188,0.001793150815074295
14.781970561424107,14.792863416887846,14.792426793444152,1.628910275532724,0.0017929782587410407
14.792426793444152,14.8033069569044,14.802869990761126,1.6311777787540311,0.0017928516525578734
14.802869990761126,14.813737465026296,14.813300169329212,1.6338426433693238,0.0017926937434164375
14.813300169329212,14.824155260571876,14.823717664199261,1.6361281086727226,0.001792593158550257
14.823717664199261,14.834560341570267,14.834122467339741,1.6378965930548044,0.0017924645735677728
14.834122467339741,14.844953012045043,14.844514748538746,1.6384934207875534,0.0017923691251811838
14.844514748538746,14.85533310770323,14.854894350904114,1.632778589392545,0.001792277663489349
14.854894350904114,14.865700448407964,14.865261366808054,1.635280275056621,0.001792193642015699
14.865261366808054,14.876055280393128,14.875616027073294,1.6424591767177505,0.0017921082790519625
14.875616027073294,14.88639823743811,14.885958657580508,1.6447284818905505,0.0017920702584713537
14.885958657580508,14.896729125574211,14.89628914951788,1.6454533881460274,0.0017920050449364308
14.89628914951788,14.907048011332325,14.906607703989115,1.6475298907900218,0.0017919678832185753
14.906607703989115,14.917355000767031,14.916914370501766,1.6499838870231163,0.001791944702452542
14.916914370501766,14.927650211393003,14.927209298177152,1.651706772733184,0.0017919206018934294
14.927209298177152,14.937933886612953,14.937492414898765,1.6462549808493616,0.0017919155171579426
14.937492414898765,14.948205632242631,14.947763833992529,1.6487396497098412,0.0017919127156842138
14.947763833992529,14.958465710649827,14.958023705567035,1.6550768494493429,0.0017919057698511044
14.958023705567035,14.968714601246068,14.968272264176452,1.657291136088314,0.0017919531657596209
14.968272264176452,14.978952164631872,14.978509395701712,1.6596845708467167,0.0017919617233939818
14.978509395701712,14.989178652844664,14.988735587083928,1.6619348523030677,0.0017920197223310875
14.988735587083928,14.999394064539954,14.998950687175473,1.6618981731878233,0.001792055870070977
14.998950687175473,15.009598539634347,15.009154746592431,1.6634770151234572,0.0017921175077143467
15.009154746592431,15.019792042263092,15.019347920277209,1.6659761131327107,0.0017921775943524907
15.019347920277209,15.029974721458318,15.029530261818625,1.6677134892901346,0.001792249516846313
15.029530261818625,15.040146778231621,15.039701940215462,1.6701072908254995,0.0017923475538238402
15.039701940215462,15.050308200923794,15.04986293090088,1.6644175170169002,0.0017924349140478579
15.04986293090088,15.060458911243698,15.060013236113265,1.6669633626175002,0.0017925513624357028
15.060013236113265,15.070598952023127,15.070152936220717,1.6717419469066386,0.0017926394498798068
15.070152936220717,15.080728735775367,15.08028253532227,1.682728114875703,0.0017927802707350796
15.08028253532227,15.090848566180986,15.090402049188622,1.6850221692894474,0.0017929125117349723
15.090402049188622,15.100958428521565,15.100511271448688,1.6750998184695962,0.0017930275348693638
15.100511271448688,15.111057983671873,15.110610471578527,1.6774468972400027,0.0017931894742581303
15.110610471578527,15.121147337415378,15.12069957490389,1.6845685802331898,0.0017933238783656017
15.12069957490389,15.131227044023529,15.130778941320312,1.6878112621480064,0.0017934976250266873
15.130778941320312,15.141297132616382,15.140848703723469,1.690369180321906,0.0017936486668796243
15.140848703723469,15.151357672410112,15.150908782944137,1.6893027716878417,0.0017938234128385183
15.150908782944137,15.16140848674358,15.160959184384286,1.6917732899900972,0.0017940252089272257
15.160959184384286,15.171449627197372,15.171000022423245,1.6943359470930102,0.0017941997938253176
15.171000022423245,15.1814816262918,15.18103162785305,1.695687315586126,0.0017944140726912782
15.18103162785305,15.191504275335816,15.191053918573463,1.6981159412998046,0.0017946197228040145
15.191053918573463,15.201517688932778,15.201066921697246,1.6997736979217677,0.0017948211997597303
15.201066921697246,15.211522079927851,15.21107092848583,1.7022231299135875,0.001795054347525021
15.21107092848583,15.221517375887741,15.221065789246676,1.7000664062854514,0.001795272788505299
15.221065789246676,15.2315035932684,15.23105158210434,1.7025664705379142,0.0017955299528366578
15.23105158210434,15.241480710153281,15.241028305752105,1.706630572456467,0.0017957494586353234
15.241028305752105,15.251449174971615,15.250996429773535,1.7091269470328696,0.0017960106073919172
15.250996429773535,15.261408875358072,15.260955867434877,1.7122740505782168,0.0017962504525847005
15.260955867434877,15.271360181980436,15.270906759814263,1.7148965133699192,0.0017965506553591862
15.270906759814263,15.28130297032272,15.280849119940845,1.7175559563441862,0.00179681895698513
15.280849119940845,15.291237517542815,15.29078327681748,1.7201050347534397,0.0017970787084768838
15.29078327681748,15.301163840395336,15.300709095286702,1.7170117458176417,0.0017973634419419437
15.300709095286702,15.311081639953663,15.310626496911503,1.7202810985696697,0.0017976504052607998
15.310626496911503,15.320991196438186,15.320535666365517,1.7229454232438322,0.0017979519464959494
15.320535666365517,15.33089256774847,15.330436631054777,1.7266518071555357,0.0017982432918896933
15.330436631054777,15.340786111268326,15.34032977690704,1.729118274825918,0.0017985623121939672
15.34032977690704,15.350671669666633,15.350214980302383,1.73209088661251,0.0017988526820374138
15.350214980302383,15.360549650086545,15.36009257368018,1.7338379139424025,0.0017991968472598945
15.36009257368018,15.370419869318113,15.369962317426308,1.7361170261116425,0.0017995273472999976
15.369962317426308,15.38028242724104,15.37982449443889,1.7385686730733159,0.0017998578051802677
15.37982449443889,15.390137429996024,15.389678877728505,1.7366772968793995,0.0018001917538131597
15.389678877728505,15.399984733322759,15.39952578048119,1.7392194620277786,0.0018005472208651163
15.39952578048119,15.409824376674935,15.409365163164273,1.7453050737000595,0.0018008785543119406
15.409365163164273,15.419657063638978,15.419197406230872,1.748154427983653,0.0018012506301940243
15.419197406230872,15.42948250558833,15.429022444550814,1.75079047944117,0.0018016133665691748
15.429022444550814,15.439300798548285,15.438840198501351,1.7520967436438188,0.0018019726634125595
15.438840198501351,15.449112080581145,15.44865106660283,1.7546624947847516,0.0018023476163582012
15.44865106660283,15.458916222073713,15.4584548472851,1.7573406641658,0.0018027044184843269
15.4584548472851,15.46871367591139,15.468251894447729,1.7598442159908962,0.001803123519593173
15.468251894447729,15.478504273021155,15.478041935270461,1.7614420525537313,0.0018035012778873265
15.478041935270461,15.488288153788584,15.487825409465865,1.7642617506419176,0.0018038868730572723
15.487825409465865,15.49806533327085,15.497602172090435,1.7668485297640855,0.0018042854168113394
15.497602172090435,15.507835872221545,15.50737227895687,1.7699854871758205,0.0018046723068003783
15.50737227895687,15.517600054683781,15.517136025523559,1.772412846586679,0.0018050960515191758
15.517136025523559,15.527357922791673,15.526893430772654,1.774908989620568,0.0018055149657146146
15.526893430772654,15.537109347631851,15.536644420662599,1.7780342175951065,0.0018059117274746188
15.536644420662599,15.546854710177202,15.546389182850255,1.773913146569522,0.0018063724519905777
15.546389182850255,15.556593599761873,15.556127562280999,1.7768071773023766,0.0018067920086706354
15.556127562280999,15.566326070618224,15.565859805974972,1.7856974397797698,0.001807208694444064
15.565859805974972,15.57605291512618,15.575586144746936,1.7888760473980383,0.0018076557335382087
15.575586144746936,15.585773902426943,15.585306695024194,1.7917171259967968,0.001808085499044809
15.585306695024194,15.595489125508768,15.595021370062396,1.7912533147740863,0.0018085262973782678
15.595021370062396,15.605198527409845,15.604730270385193,1.7940776155073321,0.0018089876101772414
15.604730270385193,15.614902037662235,15.61443336291441,1.7974330763758932,0.001809428895342765
15.61443336291441,15.624600177239788,15.624131039243235,1.800159279839162,0.0018099011075398644
15.624131039243235,15.63429275036179,15.63382313896057,1.8022968708896105,0.0018103490523404921
15.63382313896057,15.64398002206673,15.64350991145768,1.80417231646611,0.0018108172807755074
15.64350991145768,15.653661796237639,15.653191225021652,1.8069508030593946,0.0018112937960645106
15.653191225021652,15.663338214621806,15.662867016683354,1.8094629719064361,0.001811767654147177
15.662867016683354,15.673009480095747,15.672537818937272,1.8119939800730642,0.001812239091257103
15.672537818937272,15.682675481886985,15.68220338298762,1.8147678994397467,0.0018126901752018533
15.68220338298762,15.692336493859537,15.691863950135337,1.8175243544326385,0.0018132144499667783
15.691863950135337,15.70199247905251,15.70151944121394,1.8209442793279986,0.001813694671777879
15.70151944121394,15.711643706918561,15.711170155253264,1.8237742986310892,0.0018141934213892121
15.711170155253264,15.721290078284717,15.720815962464204,1.824507070160263,0.0018146828466604939
15.720815962464204,15.730931667416714,15.730457025998403,1.8274469866903027,0.0018151847121351602
15.730457025998403,15.740568394368417,15.740093283763784,1.8312111031283378,0.0018156702376426793
15.740093283763784,15.75020071106246,15.749725103379797,1.8338553525562886,0.0018161893019499368
15.749725103379797,15.759828434274313,15.759352326353273,1.83706196356976,0.0018166801575949384
15.759352326353273,15.769451832525384,15.768975243034562,1.8396838875009591,0.001817218202146568
15.768975243034562,15.779070801408816,15.7785935746377,1.8434292826205487,0.0018177224503911347
15.7785935746377,15.788685675186715,15.788207988122503,1.8462805743796873,0.0018182426635803652
15.788207988122503,15.798296416571961,15.797818151169176,1.8456001243953735,0.0018187687817792595
15.797818151169176,15.807902743730718,15.80742389689515,1.8497722921701125,0.0018192896158046401
15.80742389689515,15.81750490991998,15.817025556525104,1.8524709317401307,0.0018198152368903552
15.817025556525104,15.827103036692826,15.826623110647125,1.8563297848530536,0.0018203192505973993
15.826623110647125,15.836697262790489,15.836216942640965,1.8606490572965384,0.0018208776619193046
15.836216942640965,15.846287885709655,15.845806980471814,1.8635436048165281,0.0018214180831889126
15.845806980471814,15.855874686041535,15.855393248834133,1.866987275888863,0.001821935868746586
15.855393248834133,15.86545800932474,15.864975978590673,1.8684326137310032,0.0018225014128678148
15.864975978590673,15.875037753109117,15.874555132264483,1.8717381195995253,0.001823042914345581
15.874555132264483,15.884613837280344,15.884130688884685,1.8746560996179547,0.0018235920401698897
15.884130688884685,15.894186404048211,15.8937027210811,1.8782399876858724,0.0018241291146003033
15.8937027210811,15.903755798786788,15.903271580548273,1.8803197119733508,0.0018247071188515253
15.903271580548273,15.913321895641966,15.912837049157506,1.8833516787730227,0.0018252569930470855
15.912837049157506,15.922884664928121,15.922399144130633,1.8872266528653243,0.0018257972450780465
15.922399144130633,15.932444261870199,15.931958216348182,1.8903396655858424,0.0018263756903346762
15.931958216348182,15.942000678702199,15.94151419111873,1.8956382936401222,0.0018269291980234192
15.94151419111873,15.95155435535749,15.95106725899735,1.8987608804470422,0.0018275056565689293
15.95106725899735,15.96110512154261,15.960617422565926,1.8998842527175848,0.0018280591489035452
15.960617422565926,15.970653105173321,15.970164727812088,1.9034655745603528,0.0018286343389284725
15.970164727812088,15.980198183574092,15.97970924691903,1.9062811906152295,0.0018291975744111687
15.97970924691903,15.989740511832583,15.989250962973507,1.910011794754095,0.0018297487069402194
15.989250962973507,15.99928030450545,15.998790281556733,1.9133547084193454,0.001830338220086345
15.998790281556733,16.00881777921841,16.00832701540826,1.9142775799360112,0.001830944389957071
16.00832701540826,16.018352600257945,16.017861181824717,1.917423372518215,0.001831504344409436
16.017861181824717,16.027884879157327,16.027392849390484,1.9213194641483584,0.0018320575765763424
16.027392849390484,16.0374149186585,16.0369224884918,1.9266214312118195,0.001832681817219108
16.0369224884918,16.046942826473952,16.04644970954187,1.9299924666645585,0.0018332832385269577
16.04644970954187,16.056468451855917,16.055974624438708,1.931474591240544,0.0018338668705627063
16.055974624438708,16.06599220908381,16.06549775521929,1.9346161717445352,0.0018344467582875079
16.06549775521929,16.075513931173358,16.07501886324614,1.9366367987470599,0.0018350211397763145
16.07501886324614,16.0850335850546,16.084537842101216,1.9409515451626462,0.0018356226351459557
16.084537842101216,16.094551324297985,16.094054972654437,1.9442918114784784,0.0018362096227461332
16.094054972654437,16.1040672096852,16.1035702509664,1.9485861643587985,0.0018368059625243163
16.1035702509664,16.113581589610252,16.113083992927685,1.951715960380926,0.0018374082688555986
16.113083992927685,16.123094293003717,16.12259594806785,1.953542018569139,0.0018380024088829592
16.12259594806785,16.132605493978694,16.132106496896338,1.9566379691102531,0.0018386051438405446
16.132106496896338,16.142115027806724,16.141615386704387,1.9607197277978252,0.0018391865173682444
16.141615386704387,16.151623289102165,16.151123030842122,1.9634002755356168,0.00183981689521324
16.151123030842122,16.16113026659207,16.16062926856278,1.9677259746317786,0.0018403986318053206
16.16062926856278,16.170635992818298,16.17013432719432,1.971132002076023,0.001841039258352653
16.17013432719432,16.180140497018904,16.179638160852345,1.9745711698543968,0.0018416212991094688
16.179638160852345,16.189643790888628,16.18914084227765,1.9780553427454346,0.0018422191679636874
16.18914084227765,16.19914621956094,16.1986426577968,1.9813218408617632,0.0018428391484148136
16.1986426577968,16.208647792023843,16.208143571446985,1.9846813393035088,0.001843455988629771
16.208143571446985,16.218148492444012,16.217643311879545,1.98597668552969,0.0018441060840285607
16.217643311879545,16.227648173221045,16.227142264491885,1.9891636345661439,0.0018447138828158172
16.227142264491885,16.237146833946845,16.236640440804337,1.997453712920303,0.0018453085762216977
16.236640440804337,16.246645153121253,16.246138093551313,2.000736145395785,0.0018459640799955758
16.246138093551313,16.256142901187275,16.25563487974519,2.003118784181782,0.0018465761532005193
16.25563487974519,16.265640100261553,16.265131357191304,2.0064563712637535,0.0018471821854834445
16.265131357191304,16.275136690718362,16.27462747305153,2.011550356169619,0.0018477828657272343
16.27462747305153,16.28463315622574,16.284123113937138,2.0162932594036747,0.0018484241352378426
16.284123113937138,16.294129454313907,16.293618713637535,2.0196866298413436,0.001849023534064152
16.293618713637535,16.30362559422111,16.303113926222704,2.0204743352063037,0.001849654022429802
16.303113926222704,16.313121324573373,16.31260888791136,2.02391518164313,0.0018502935973403842
16.31260888791136,16.322616636654335,16.322103694091503,2.0305816869449833,0.0018509099946702294
16.322103694091503,16.33211257781393,16.33159891161213,2.0339194091576362,0.0018515587342319267
16.33159891161213,16.341608757040337,16.341094135756734,2.0359734964049805,0.0018521816989105619
16.341094135756734,16.351104830661164,16.350589477734847,2.0402969390237415,0.0018527929361886626
16.350589477734847,16.360601155411775,16.3600850590059,2.043778741725295,0.0018534181862859091
16.3600850590059,16.370097731890727,16.369580919483656,2.0477140930268023,0.0018540417321407639
16.369580919483656,16.379594941982518,16.379077352465238,2.051434865175448,0.0018547036328036117
16.379077352465238,16.389092631941182,16.388574238764473,2.0541687140912366,0.0018553130406073937
16.388574238764473,16.39859086778392,16.39807169966533,2.057538151359817,0.0018559614472664647
16.39807169966533,16.40808970926915,16.407569521107767,2.061868615526863,0.001856593863762006
16.407569521107767,16.417589185242473,16.417068245192656,2.0648626755253603,0.0018572193429009826
16.417068245192656,16.427089330348117,16.42656763562965,2.0692468183844865,0.0018578197444473169
16.42656763562965,16.436590334136763,16.43606792497642,2.072069726868804,0.0018585125862722385
16.43606792497642,16.44609236398161,16.445568983149297,2.077636835746489,0.0018591319581746989
16.445568983149297,16.45559542822597,16.455071347119446,2.0803104140828954,0.0018597845244963716
16.455071347119446,16.465099866824552,16.46457486150291,2.085176564574316,0.0018603889619161038
16.46457486150291,16.47460522021733,16.474079518316458,2.0885695831913162,0.0018610640904897628
16.474079518316458,16.484112044368953,16.48358536313709,2.092105687167377,0.0018617133495910311
16.48358536313709,16.493620045545338,16.493092474238665,2.095757091211198,0.0018623230355702862
16.493092474238665,16.50312921119876,16.502600950754896,2.099775102737284,0.0018629462285292366
16.502600950754896,16.51264010539825,16.512111007655253,2.103448648385085,0.0018636366778113328
16.512111007655253,16.522152504820294,16.521622411762092,2.1094965913777055,0.0018642807723378467
16.521622411762092,16.531666696547976,16.531135747768598,2.1129902747175837,0.001864896802721427
16.531135747768598,16.54118249937861,16.540650770619433,2.1163376527968185,0.0018655219243308334
16.540650770619433,16.550700221228933,16.55016760867952,2.119684193261191,0.0018662180285642126
16.55016760867952,16.56021976616703,16.559686114118954,2.125286565955764,0.001866853296697651
16.559686114118954,16.569741368368764,16.569206931485066,2.128550019589712,0.0018674969439439345
16.569206931485066,16.579265019756626,16.57872952640558,2.133159036655785,0.001868137331687827
16.57872952640558,16.58879069107829,16.58825431136975,2.1365062083200623,0.0018687983324091946
16.58825431136975,16.598318361250428,16.597781122150362,2.141519557824606,0.0018694265634172827
16.597781122150362,16.607848454643612,16.607310363995097,2.1465979058703883,0.0018700925673505618
16.607310363995097,16.617380955120975,16.616841953116786,2.150109705886761,0.0018707463936086996
16.616841953116786,16.62691595316293,16.6263759533239,2.154906779468718,0.0018713825207336925
16.6263759533239,16.63645353614713,16.63591252294126,2.16003870581974,0.0018720624129900288
16.63591252294126,16.645993737844403,16.64545175570705,2.1634476524401225,0.0018726910144702832
16.64545175570705,16.655536590595133,16.654993734492855,2.1676242279929157,0.0018733132572413156
16.654993734492855,16.665082157765433,16.66453844105019,2.1713159399345052,0.0018740227375191702
16.66453844105019,16.674630673493542,16.67408582410985,2.1778562451338126,0.001874677625613469
16.67408582410985,16.68418214673161,16.68363631640369,2.181557241565629,0.0018752981899919064
16.68363631640369,16.693736456036234,16.693189754633575,2.184760157956755,0.0018759318943949756
16.693189754633575,16.70329399335679,16.702746323886714,2.188583675388449,0.0018766364502479957
16.702746323886714,16.712854592954233,16.71230587990066,2.1944005349674582,0.0018772966697323285
16.71230587990066,16.722418725356707,16.721869010313846,2.1979512154090406,0.0018779433853248237
16.721869010313846,16.73198626425294,16.731435354065123,2.203016632209121,0.001878577387504839
16.731435354065123,16.74155700228283,16.74100517106166,2.206661442243999,0.0018792613789148566
16.74100517106166,16.75113113360078,16.750578316189095,2.211595791390826,0.0018799060001377984
16.750578316189095,16.760709033424863,16.7601551827355,2.2149806663631866,0.0018805819274716213
16.7601551827355,16.77029075472379,16.769735781296667,2.2201516063952194,0.0018812098578751856
16.769735781296667,16.779876055334622,16.779320211785368,2.22426006196742,0.0018818928199634422
16.779320211785368,16.789465340672418,16.788908366604677,2.228693813240785,0.0018825704236443397
16.788908366604677,16.799058490837194,16.79850046586133,2.2338376390393457,0.0018832344494226763
16.79850046586133,16.80865587534363,16.808096739513097,2.237477212998394,0.0018838957574431599
16.808096739513097,16.8182575778796,16.817697095922426,2.2429626635170887,0.0018845360710994196
16.817697095922426,16.82786290836556,16.82730147175481,2.246583149525289,0.0018852218945477907
16.82730147175481,16.837472398068122,16.83690995105547,2.2518584407255284,0.0018858718372365723
16.83690995105547,16.84708652129106,16.8465230072726,2.255817048547847,0.0018865440216277098
16.8465230072726,16.856705066486594,16.85614050015137,2.2600583959718565,0.0018872088028435948
16.85614050015137,16.866328285162947,16.86576253673235,2.264043438634085,0.0018879074388318117
16.86576253673235,16.875956189856826,16.875389168109223,2.271030037128146,0.0018885572409294673
16.875389168109223,16.885588774589035,16.885020743725935,2.274642788891672,0.001889235052667148
16.885020743725935,16.895226262614532,16.89465693797595,2.2798310875216257,0.0018898965768223246
16.89465693797595,16.904868574000346,16.904298116826716,2.2842035099390356,0.0018905707979034554
16.904298116826716,16.914515700492068,16.91394423558741,2.2891231428709786,0.0018912411894445064
16.91394423558741,16.92416820310416,16.923595513839377,2.292997080343307,0.001891920610783973
16.923595513839377,16.933825952374853,16.93325186366839,2.299877310681027,0.0018925727234424703
16.93325186366839,16.943488683728926,16.942913519739594,2.30376410506078,0.0018932714961790772
16.942913519739594,16.95315670631979,16.9525803943722,2.3089100678518633,0.001893940488547226
16.9525803943722,16.962830346929596,16.962252804728475,2.312600078435664,0.0018946362752771636
16.962252804728475,16.972509746498183,16.971930894026098,2.318296900742431,0.001895285938250783
16.971930894026098,16.982194514241048,16.981614593139618,2.3229887660208424,0.0018959924305404613
16.981614593139618,16.99188512808458,16.991303864381138,2.328360480878371,0.001896670360423974
16.991303864381138,17.001581564267546,17.000999049723585,2.332205364564267,0.0018973549378141822
17.000999049723585,17.011284072045257,17.010700225857697,2.3381130604488685,0.0018980043591718349
17.010700225857697,17.020992437113353,17.020407285521085,2.344045215828998,0.0018987385573707592
17.020407285521085,17.030706725413935,17.030120232018266,2.348111407791824,0.0018994043368680074
17.030120232018266,17.040427198645503,17.0398395130361,2.353636056781357,0.0019000641568901074
17.0398395130361,17.050153870911913,17.04956500386517,2.356998493375952,0.0019007996737756816
17.04956500386517,17.059887353166545,17.059296876467418,2.365364844041519,0.001901471754694154
17.059296876467418,17.069626817903487,17.069035206321395,2.3692330639290082,0.001902171987589468
17.069035206321395,17.079373046207312,17.07878009110271,2.373375212519829,0.0019028671807719774
17.07878009110271,17.08912611986124,17.088531758785987,2.3793363690333833,0.0019035326527207783
17.088531758785987,17.098885777573457,17.098290110608325,2.3860178338472156,0.0019042660825252988
17.098290110608325,17.108652327023872,17.108055220320107,2.390058855525017,0.001904951419893248
17.108055220320107,17.118425923015995,17.11782736156011,2.3958983813076524,0.0019056152704720114
17.11782736156011,17.128206166768692,17.12760644624596,2.3999412813395713,0.00190633385450992
17.12760644624596,17.1379938739542,17.137392786822147,2.4043849161166415,0.0019070530386881234
17.137392786822147,17.14778878246921,17.14718621941155,2.4099891785354024,0.0019077580679492325
17.14718621941155,17.157591192074626,17.156987186966933,2.416812350185517,0.0019084958972285363
17.156987186966933,17.167401061898502,17.16679557146414,2.4213999180710637,0.0019091772781384588
17.16679557146414,17.177218387513452,17.176611468967884,2.426337763400244,0.0019098697480053309
17.176611468967884,17.187043585218287,17.18643533069227,2.4308286585593475,0.0019105884824974495
17.18643533069227,17.196876693564878,17.196266990492756,2.435845431736067,0.0019113142050179266
17.196266990492756,17.206717746216565,17.20610623420193,2.445424721209861,0.0019120875619577133
17.20610623420193,17.216566317798357,17.215953239070842,2.450300458984809,0.0019127902166663237
17.215953239070842,17.22642259169449,17.225808413652416,2.4535040382747573,0.0019134978386807287
17.225808413652416,17.2362877302105,17.23567187804412,2.460707465853652,0.001914213683688465
17.23567187804412,17.246161107157555,17.245543719628465,2.4657370977133883,0.0019149432474410272
17.245543719628465,17.25604287558951,17.25542374060673,2.472993589864095,0.001915687883381137
17.25542374060673,17.265932989564064,17.26531234718347,2.4784386291250593,0.0019163883348653243
17.26531234718347,17.275831626675398,17.275209428658993,2.483449155389719,0.001917127694902201
17.275209428658993,17.2857388619065,17.285115185941137,2.488475579565264,0.0019178750311255662
17.285115185941137,17.29565524629224,17.2950299603861,2.492903347706584,0.001918602402418553
17.2950299603861,17.30558065423538,17.304953587108866,2.50152719388217,0.0019193167585037226
17.304953587108866,17.315515007394698,17.31488641675297,2.505388489137548,0.0019201018614112345
17.31488641675297,17.3254587670064,17.324828306412485,2.5119778839101716,0.0019208253832617584
17.324828306412485,17.335411289411322,17.334779406153988,2.5159593598647456,0.0019215760988950637
17.334779406153988,17.34537336453427,17.344739779121692,2.521123732283314,0.0019223466762492696
17.344739779121692,17.355344851211836,17.354709569297167,2.5280638119243926,0.0019230912921995105
17.354709569297167,17.36532608790569,17.364689102224677,2.532573613728453,0.0019238624655354755
17.364689102224677,17.375317286102767,17.374678513399697,2.5389750311318933,0.0019245915518211845
17.374678513399697,17.385318053599118,17.384677563736656,2.546923192028757,0.0019253793043500953
17.384677563736656,17.395328871469577,17.394686590653198,2.5513772261783028,0.00192613729054891
17.394686590653198,17.4053498123777,17.40470574681306,2.556814170511695,0.0019268723028118817
17.40470574681306,17.415380601872844,17.414734905810004,2.560632990788376,0.0019276970713463005
17.414734905810004,17.425422017452988,17.424774363838885,2.568862561566704,0.0019284525935831247
17.424774363838885,17.43547362544576,17.43482432143551,2.5729552359400283,0.0019292523992050377
17.43482432143551,17.445536073554273,17.444884834835957,2.5800880699293964,0.0019300139431178654
17.444884834835957,17.45560903613526,17.454956054536627,2.584339125917492,0.0019308564687472727
17.454956054536627,17.465693117175437,17.465037987869927,2.594516594874432,0.001931617034375639
17.465037987869927,17.475787683587356,17.475130855505526,2.5992567007373024,0.001932399326183218
17.475130855505526,17.485893341111247,17.485234784020825,2.6036820303334114,0.0019331923588512881
17.485234784020825,17.496010281543754,17.495349767380276,2.609391368752294,0.0019340239391718416
17.495349767380276,17.5061383858125,17.50547591935597,2.6181026330948476,0.0019348405129726526
17.50547591935597,17.516278093038256,17.515613673252606,2.623925893350809,0.0019356469086789848
17.515613673252606,17.52642935093788,17.525763047170972,2.629001453183938,0.00193646719471457
17.525763047170972,17.53659221219466,17.53592380317554,2.6344889720895193,0.0019372923006685287
17.53592380317554,17.546766932022273,17.546096454429563,2.6425603084809275,0.001938097569626037
17.546096454429563,17.556953381819692,17.55628100029568,2.647893637126181,0.001938961073460102
17.55628100029568,17.5671519746528,17.56647752135713,2.6552367606028193,0.0019397956785420166
17.56647752135713,17.577362726893853,17.57668618990527,2.6610317440988926,0.0019406267586241548
17.57668618990527,17.587585677146745,17.58690696470576,2.672405561075889,0.0019414756112625903
17.58690696470576,17.597821101282065,17.597140315630785,2.6770759360010192,0.0019423234332280168
17.597140315630785,17.60806920692243,17.60738644129706,2.682404036932668,0.001943146465531821
17.60738644129706,17.61832983134827,17.617645054685,2.687015196608328,0.001944077053126924
17.617645054685,17.628603685607793,17.62791628155004,2.702765387926543,0.0019449321231651347
17.62791628155004,17.6388900627916,17.638200663124767,2.7070219512615106,0.0019457961339769574
17.638200663124767,17.649189861658535,17.648498345512547,2.7110397092090257,0.0019466314392594932
17.648498345512547,17.659502619372745,17.658809030701423,2.7170690954105874,0.0019475534323331678
17.658809030701423,17.66982898477996,17.6691331383262,2.723196915915398,0.0019484493220195314
17.6691331383262,17.680168903536703,17.67947065737585,2.7337101821971244,0.001949348614094317
17.67947065737585,17.690522644646887,17.689822165003864,2.7387056338012035,0.0019502166532020958
17.689822165003864,17.700890363106556,17.70018758850183,2.7440213255383394,0.0019510922005322078
17.70018758850183,17.711271703115298,17.710566722063415,2.7497435308047065,0.0019520831722703873
17.710566722063415,17.721667266591066,17.720959923379645,2.758209543883117,0.0019530135196572636
17.720959923379645,17.732077267119756,17.731367490487877,2.7638173426539865,0.001953917296545727
17.731367490487877,17.74250191165969,17.741789514695963,2.774317829443687,0.0019548286778607233
17.741789514695963,17.752940608123765,17.75222595028005,2.779038293135015,0.001955787260525582
17.75222595028005,17.76339422950611,17.76267707679622,2.7860638482836286,0.00195670407973449
17.76267707679622,17.773862398528966,17.773142945096293,2.790860396013545,0.0019576992067257834
17.773142945096293,17.784345838373607,17.78362382407496,2.797895855706149,0.001958637686060643
17.78362382407496,17.794844323994354,17.794119913755274,2.803981992080909,0.001959636651679227
17.794119913755274,17.805358267547888,17.804631360853772,2.8119308579396365,0.0019606151004875087
17.804631360853772,17.815887875402904,17.81515832915677,2.817790516359725,0.001961609235581852
17.81515832915677,17.826433364905732,17.825701075427098,2.826969481970428,0.0019625752490847904
17.825701075427098,17.83699429906484,17.836259528008128,2.8338351307445584,0.001963586186854921
17.836259528008128,17.847571312893216,17.846833903375252,2.839247122241176,0.001964613632004712
17.846833903375252,17.858164763952143,17.85742457662118,2.8473772990721296,0.0019655855664885685
17.85742457662118,17.868773979865686,17.868031099822158,2.859244564589817,0.0019666548998090766
17.868031099822158,17.879399832587268,17.878654251201688,2.864708712271043,0.001967682061165325
17.878654251201688,17.89004236473279,17.889294090997343,2.8693064810427193,0.001968691209163531
17.889294090997343,17.900701445470762,17.899950528463574,2.8743681744139775,0.0019698010912017395
17.899950528463574,17.91137794360175,17.910623993271656,2.887823693324247,0.0019708411031852426
17.910623993271656,17.92207126946994,17.921314712751492,2.8924435877145065,0.001971903983734042
17.921314712751492,17.93278211214689,17.932022673562553,2.8995433928694077,0.0019729961617473415
17.932022673562553,17.943510453435845,17.942748026506038,2.9110179135524095,0.001974094026619668
17.942748026506038,17.954256384211906,17.95349105530515,2.9177724814137735,0.0019751773612948866
17.95349105530515,17.965020091082724,17.96425195468566,2.923899644621623,0.001976281552820772
17.96425195468566,17.975801953815342,17.975030735879432,2.930213366365552,0.0019774235454280992
17.975030735879432,17.98660224813693,17.985827841780424,2.9409585458273546,0.001978525269500594
17.985827841780424,17.997420321282995,17.996643031023904,2.946501510892199,0.0019796984025031634
17.996643031023904,18.00825729349096,18.007476820401372,2.954940079375275,0.0019808166979373445
18.007476820401372,18.019112786924083,18.018329433850624,2.9621456019136705,0.00198199332372436
18.018329433850624,18.029987582367752,18.029201004303438,2.975267221564992,0.001983202906595563
18.029201004303438,18.04088147338738,18.040091640187846,2.9815164146757325,0.0019843410424417868
18.040091640187846,18.0517948658466,18.051001797287217,2.988226053103221,0.001985504398669557
18.051001797287217,18.062727217434173,18.06193105309234,2.994130478842274,0.001986777617075603
18.06193105309234,18.073679410580105,18.072879836841178,3.005820006539867,0.0019879903876473494
18.072879836841178,18.08465168889506,18.083848954003425,3.0126107399096465,0.0019892152677648124
18.083848954003425,18.095644301038185,18.09483819018635,3.022620438209537,0.0019904500929424328
18.09483819018635,18.106657118112015,18.105847568767125,3.0302854598585474,0.001991704761433183
18.105847568767125,18.117690277515504,18.11687742833221,3.038696760883782,0.001992975752074487
18.11687742833221,18.128744395589578,18.127928010559057,3.045294202448677,0.001994286739774592
18.127928010559057,18.13981970187013,18.138999723072754,3.054295443514463,0.0019955464765637645
18.138999723072754,18.150915703602095,18.15009217005721,3.070117680176561,0.001996885269572955
18.15009217005721,18.162033178160662,18.161206072406515,3.076394695170256,0.0019981970407321526
18.161206072406515,18.173172358214536,18.172341726165108,3.0811583450601834,0.001999496013406916
18.172341726165108,18.184333010471992,18.18349882429533,3.091419882633767,0.002000898129706699
18.18349882429533,18.19551593133094,18.19467803779459,3.0980893101095233,0.0020022755955168945
18.19467803779459,18.20672148700729,18.20587973852977,3.1079594527568415,0.002003617711353631
18.20587973852977,18.217949081226507,18.217103438873036,3.1261335975233813,0.0020050724649349873
18.217103438873036,18.229199290461562,18.228349802478686,3.132999383386472,0.0020064444956519314
18.228349802478686,18.240472208968377,18.23961924075948,3.1311438130706226,0.002007837572282146
18.23961924075948,18.251768549808315,18.250911556974582,3.1442956133061095,0.002009322381210374
18.250911556974582,18.263088357516143,18.262227438700776,3.151115706305347,0.0020107547766267902
18.262227438700776,18.274432122395858,18.273566876895657,3.165688932397304,0.002012199499568572
18.273566876895657,18.285798987867484,18.28492986567579,3.172258913317853,0.0020137308281704945
18.28492986567579,18.297189973570795,18.296316702533744,3.183598487741827,0.002015218993627227
18.296316702533744,18.30860540418038,18.307728264686613,3.1879531476515344,0.0020167249160524823
18.307728264686613,18.32004559946714,18.31916423355332,3.195684219287348,0.0020182761769588255
18.31916423355332,18.331510674753233,18.33062496298861,3.2062714532316803,0.0020198248641232082
18.33062496298861,18.343000714663383,18.342110797004985,3.2134099938821543,0.002021438188469918
18.342110797004985,18.354516428372158,18.35362194634694,3.227091657092218,0.0020230156137458427
18.35362194634694,18.366057296147197,18.365158619418143,3.235493713816772,0.002024611697137479
18.365158619418143,18.37762425871468,18.376721221911048,3.241509703549161,0.0020262760345687862
18.376721221911048,18.389217490072497,18.388309737522377,3.2530173568829976,0.002027861018355239
18.388309737522377,18.400836539818783,18.39992445816583,3.2653503890698925,0.0020295929880851413
18.39992445816583,18.41248263791308,18.41156590428789,3.272920612168137,0.002031266684318303
18.41156590428789,18.42415580699146,18.423234236874897,3.283696081866743,0.002032948923277804
18.423234236874897,18.435855500208152,18.43492937489783,3.2926015382448823,0.0020347145211961543
18.43492937489783,18.447582907202648,18.446652040439403,3.300160133090577,0.0020364427716235245
18.446652040439403,18.459338339896632,18.458402652283695,3.3102723426510154,0.002038180351594724
18.458402652283695,18.471121473067388,18.470181049707204,3.3191291651464434,0.002040029413800921
18.470181049707204,18.482933217232716,18.48198776872997,3.3336677606443734,0.002041857391398344
18.48198776872997,18.49477354787186,18.493823011315566,3.3418237742123,0.002043644902907576
18.493823011315566,18.50664295469724,18.505687278503753,3.353049143168099,0.0020454671807620894
18.505687278503753,18.518540994384487,18.517580327505442,3.360434730015219,0.002047438076802062
18.517580327505442,18.530468996396785,18.529502984309836,3.371515341336545,0.0020493178768746776
18.529502984309836,18.54242638009875,18.541455309089645,3.383226694366982,0.0020512612111435254
18.541455309089645,18.554414288207745,18.55343780984837,3.391778700880146,0.0020531968794462153
18.55343780984837,18.566432987239683,18.565450864401615,3.408839067552308,0.0020551449622843495
18.565450864401615,18.578481699419896,18.57749431489863,3.4162937955827073,0.002057164293057193
18.57749431489863,18.59056182872594,18.5895688472782,3.4280033776943033,0.0020591565801595705
18.5895688472782,18.60267299223552,18.60167463328397,3.435583843913195,0.0020612441537683794
18.60167463328397,18.614816325416214,18.613812182428028,3.4468954887483902,0.002063300140497963
18.613812182428028,18.626991479131544,18.62598171356384,3.4550437936553497,0.0020654653213123242
18.62598171356384,18.6391994634321,18.63818351813517,3.475188717577219,0.002067563397963315
18.63818351813517,18.651439687106347,18.650418105862915,3.482610333218727,0.002069705952342733
18.650418105862915,18.663713512832572,18.66268587824843,3.4939342036862966,0.0020718272217947753
18.66268587824843,18.676020358214092,18.67498701988578,3.5008286139265232,0.002074095118082356
18.67498701988578,18.68836158809129,18.687321821714853,3.5132383187732974,0.002076296342492098
18.687321821714853,18.700736358024283,18.699690477537423,3.5317740349033717,0.0020786587932563006
18.699690477537423,18.71314585084087,18.71209361444451,3.5408509735259543,0.0020809630897733553
18.71209361444451,18.7255902522631,18.72453149170533,3.553963409317945,0.0020832741501840817
18.72453149170533,18.738069604155005,18.73700466773588,3.5628006650212924,0.0020856181454474063
18.73700466773588,18.75058481590606,18.74951333177664,3.57224007603148,0.0020880319488878825
18.74951333177664,18.763136322730546,18.762058064554388,3.584719636243861,0.0020904443232709837
18.762058064554388,18.775723953274394,18.774638932608777,3.6061961471123305,0.0020929552296582946
18.774638932608777,18.788348585208443,18.78725674613954,3.615357009915281,0.0020953973846337456
18.78725674613954,18.80101057326703,18.799911903364002,3.6203720437639046,0.002097881915982019
18.799911903364002,18.81370977003953,18.812604221501722,3.629203086481193,0.002100523840498868
18.812604221501722,18.826447401639395,18.825334454805603,3.649453498109127,0.0021030969458574406
18.825334454805603,18.839223172346585,18.83810322781431,3.6591744762162794,0.0021057134376991854
18.83810322781431,18.852037998688445,18.850910709869066,3.6691707441303327,0.0021083856545465497
18.850910709869066,18.864892321008682,18.863757404489032,3.6861989540854987,0.002111052515387632
18.863757404489032,18.877785973934262,18.87664377857938,3.695207969835199,0.002113793085702929
18.87664377857938,18.89072022534911,18.889570323303005,3.7083343798312076,0.0021165273551085233
18.889570323303005,18.903694733718712,18.9025372568529,3.7176726775421347,0.002119425949076131
18.9025372568529,18.916710775993927,18.915545167292077,3.7339820847166565,0.00212223356759012
18.915545167292077,18.929767707843414,18.928594368680734,3.7432633217947036,0.0021251544631992907
18.928594368680734,18.942867190284176,18.941685649364842,3.757356665394284,0.002128018806813632
18.941685649364842,18.9560086117232,18.954819116233228,3.773916229667235,0.002131033830012453
18.954819116233228,18.969193321956958,18.967995452478263,3.7852449746787205,0.0021340329062341807
18.967995452478263,18.98242128753011,18.981214967068098,3.796714191575266,0.0021370698726958797
18.981214967068098,18.99569329877396,18.99447851097351,3.8068361241353044,0.0021401787952323036
18.99447851097351,19.009010026818803,19.00778643324627,3.8211529022907085,0.002143266311959896
19.00778643324627,19.022371043257316,19.02113891360114,3.8365562017220847,0.0021464934846558694
19.02113891360114,19.03577788316542,19.034536687505593,3.848313210277365,0.00214974915746722
19.034536687505593,19.049230944022963,19.04798051498901,3.8633866749695387,0.002153009132063965
19.04798051498901,19.062730193519098,19.061470730621775,3.8739860777638953,0.0021563086129227182
19.061470730621775,19.076276983319417,19.075007928958755,3.895984902020147,0.0021596268053084744
19.075007928958755,19.089870757774648,19.088592461914928,3.906216571550244,0.0021630881766421177
19.088592461914928,19.103513143907538,19.102225074890338,3.9209060179502324,0.002166504306911053
19.102225074890338,19.117203835031653,19.115906206115007,3.9302972460364907,0.0021700914542886586
19.115906206115007,19.130943960051297,19.129636183115608,3.945700510629262,0.0021735768005298924
19.129636183115608,19.144733628342088,19.14341593806513,3.96238442409171,0.0021772184959504897
19.14341593806513,19.158574194986862,19.157246364049794,3.973840186461179,0.002180928021699238
19.157246364049794,19.17246629791548,19.171127903749422,3.9881921423411555,0.0021846016166743223
19.171127903749422,19.18640979548213,19.18506065511001,4.012811778943936,0.002188406005721866
19.18506065511001,19.200405329698505,19.199045657285318,4.024211269981018,0.0021922032999587416
19.199045657285318,19.214453997763993,19.213083545531767,4.0382634004534195,0.0021960511620210455
19.213083545531767,19.228556269890888,19.22717478949467,4.056074697356007,0.0022000182891140753
19.22717478949467,19.24271287581769,19.241320167183886,4.068322719223809,0.002204022994194996
19.241320167183886,19.25692464617805,19.25552030140713,4.085426412159803,0.0022080366518443073
19.25552030140713,19.271191447097728,19.269775756675056,4.102244235371604,0.0022122231812582846
19.269775756675056,19.285514937498192,19.284087314753734,4.115436963584627,0.0022163931967692616
19.284087314753734,19.29989577603104,19.298456063293685,4.131818890997669,0.0022205953274932015
19.298456063293685,19.314333704676454,19.31288179614434,4.159501604779136,0.0022249314899475308
19.31288179614434,19.328830188323657,19.32736587841473,4.17239746624506,0.0022292679852367824
19.32736587841473,19.343385873623465,19.341909071484363,4.182594969508541,0.002233658355040588
19.341909071484363,19.358001180657652,19.35651174561663,4.195720832657073,0.0022382062152623197
19.35651174561663,19.37267730375727,19.37117456214669,4.219615894649883,0.002242767255067163
19.37117456214669,19.387414863222247,19.385899003073344,4.23472377341508,0.0022474253933559007
19.385899003073344,19.402214861960278,19.400685554288827,4.248120982838893,0.0022520816142105127
19.400685554288827,19.417078220467282,19.415535054468855,4.266240866275971,0.0022567929505458713
19.415535054468855,19.432004757747496,19.430447755953335,4.292137612557647,0.0022617271312291997
19.430447755953335,19.446996107415234,19.445424837967547,4.306223435091359,0.0022666358469890725
19.445424837967547,19.462052970044336,19.460467284959208,4.319014616810212,0.0022715896654338166
19.460467284959208,19.47717596211492,19.475575791777068,4.332289485227088,0.0022767078843369984
19.475575791777068,19.49236674734296,19.49075126839485,4.3551022987028825,0.002281811096230245
19.49075126839485,19.507624890182004,19.505994479647427,4.36881360726618,0.002287118583951413
19.505994479647427,19.522952666354136,19.521306343885875,4.399791872889948,0.002292399427342019
19.521306343885875,19.538349790217694,19.536688007224452,4.414044857627919,0.0022977793083808124
19.536688007224452,19.553817960396287,19.552140051512076,4.42939336821689,0.002303202750787233
19.552140051512076,19.56935789686265,19.56766398967462,4.442726766590789,0.002308781062810064
19.56766398967462,19.584970768798097,19.583260147844044,4.458769328046113,0.002314466210383968
19.583260147844044,19.600657654567183,19.59892983995168,4.482414005161588,0.0023201803349492925
19.59892983995168,19.616418975082787,19.61467409867151,4.497537061566814,0.002326047739095478
19.61467409867151,19.63225672891539,19.630494099860258,4.5176152559012595,0.002331908683581801
19.630494099860258,19.648170880018522,19.646390335675,4.550284247540714,0.0023379814790335275
19.646390335675,19.664163121956154,19.662364348615863,4.5664237270993935,0.0023440336885814585
19.662364348615863,19.680234430464726,19.678417243085086,4.577635966617039,0.0023501958024099824
19.678417243085086,19.696385678424985,19.694549726727896,4.59681580882897,0.002356539120327977
19.694549726727896,19.712618401907406,19.710763044899156,4.615253086736071,0.002362986182688546
19.710763044899156,19.72893353934503,19.727058142221072,4.645494119218941,0.0023695054722991404
19.727058142221072,19.745332375565283,19.743437143291754,4.6621701804695075,0.0023760299761907983
19.743437143291754,19.761816312520455,19.759900675938738,4.6817727978787325,0.0023826895903463004
19.759900675938738,19.77838592162226,19.776449576446726,4.699653111441179,0.002389656638397678
19.776449576446726,19.795042837124125,19.793084823237873,4.729390838426873,0.002396597960728963
19.793084823237873,19.811788415205157,19.809808987547935,4.748402886756331,0.002403601136762948
19.809808987547935,19.82862416771496,19.826622675365364,4.766233378726128,0.0024107719984989727
19.826622675365364,19.845551364113103,19.84352706389022,4.7904580456242325,0.0024179903807381616
19.84352706389022,19.862570562536913,19.860523417762707,4.821754154355756,0.002425493009139619
19.860523417762707,19.879684058202102,19.877613360825595,4.840345317458782,0.0024329588073983524
19.877613360825595,19.896893178428623,19.894798379894826,4.862327574087318,0.002440539161990147
19.894798379894826,19.914198462214493,19.912079470868843,4.88242756161662,0.0024483503181978246
19.912079470868843,19.931602432156854,19.929458613473276,4.9019207554053486,0.002456303243472351
19.929458613473276,19.94910634390898,19.9469366884569,4.929617580296215,0.002464325790865885
19.9469366884569,19.966711408649935,19.964515929866,4.948620122752348,0.0024726010412307394
19.964515929866,19.984420099464543,19.982197748568645,4.972740447738141,0.002480859767180331
19.982197748568645,20.00223274563178,19.999983044158363,5.0118609259094224,0.0024893677814895577
19.999983044158363,20.020151927734005,20.017874756133338,5.031185351639081,0.002497924983112792
20.017874756133338,20.03817936798532,20.035873859639032,5.051380371666693,0.0025066046613712954
20.035873859639032,20.056315792622527,20.053981438158342,5.080059792666995,0.00251564095433391
20.053981438158342,20.07456412319988,20.07220017819954,5.101298784864373,0.002524663963368347
20.07220017819954,20.09292603758385,20.090531334534358,5.136976677898603,0.0025338072898423184
20.090531334534358,20.11140214222064,20.10897686350986,5.1576625479982585,0.0025432369507592608
20.10897686350986,20.1299957479922,20.127538639204808,5.184429160162862,0.002552708920934872
20.127538639204808,20.148707797633936,20.14621877911707,5.208764277826452,0.0025624744586430445
20.14621877911707,20.167541317966517,20.165019206403258,5.246315978383633,0.0025724243373335793
20.165019206403258,20.1864977062322,20.183941555936613,5.270108518349772,0.002582424707948846
20.183941555936613,20.205579126507672,20.202988053320937,5.300194204155947,0.00259262108359706
20.202988053320937,20.224787219058392,20.222161036839573,5.325838094434777,0.0026030596355989463
20.222161036839573,20.244124952705477,20.24146253553134,5.349744073636504,0.0026137020660044145
20.24146253553134,20.26359445291499,20.260894620546992,5.380394099510091,0.0026244342656694896
20.260894620546992,20.28319718448644,20.280459633984673,5.416613365563487,0.0026355125141560233
20.280459633984673,20.302936667479667,20.300160105531745,5.442289351945117,0.002646641511366077
20.300160105531745,20.32281494836535,20.319998256066853,5.473346705096774,0.0026579911502609055
20.319998256066853,20.342833506974692,20.33997619236186,5.498610626241312,0.0026697300186738124
20.33997619236186,20.362995773248123,20.36009617527235,5.537412132036426,0.0026815204382807174
20.36009617527235,20.38330404049407,20.380361961670083,5.562399469697887,0.002693558874328507
20.380361961670083,20.40376189594805,20.40077566308163,5.594149306776235,0.0027056921057761005
20.40077566308163,20.424370777101064,20.4213400565148,5.622520475590289,0.002718267367401616
20.4213400565148,20.445134725649346,20.4420578413951,5.650981456873388,0.0027311020949790134
20.4420578413951,20.466055476768258,20.462930088950877,5.707221618557899,0.0027440772897401973
20.462930088950877,20.48713595294075,20.483962358809183,5.734392078126384,0.0027572677099602172
20.483962358809183,20.508379699672666,20.50515651399798,5.755745594169313,0.00277066197507179
20.50515651399798,20.529789861917067,20.52651560650834,5.789005697496434,0.0027845309474139332
20.52651560650834,20.55136962658474,20.548042752973192,5.820908132984162,0.0027985045564704646
20.548042752973192,20.573122251762463,20.569741196934842,5.864663656712134,0.0028128091746349904
20.569741196934842,20.5950511506253,20.591614847088614,5.897043839935025,0.00282738623590498
20.591614847088614,20.61715959316454,20.61366648393946,5.9342738472699095,0.0028422487788175256
20.61366648393946,20.639451469538667,20.635899875750574,5.96799612892058,0.0028574265615128797
20.635899875750574,20.661930190855575,20.658318427698386,6.014661055312369,0.002872883967800275
20.658318427698386,20.684599764923433,20.68092625639367,6.047825210903712,0.002888654673796813
20.68092625639367,20.707463895423427,20.703726630466242,6.088678102038135,0.002904695598954003
20.703726630466242,20.730526265315333,20.72672403855649,6.121356193413285,0.0029212488622670464
20.72672403855649,20.753791766059443,20.749922008724464,6.165206238356175,0.00293791655921449
20.749922008724464,20.777263607925107,20.773325152238616,6.1992259613138065,0.0029551068325472545
20.773325152238616,20.80094741183717,20.79693751063505,6.245518313129195,0.0029724714935673332
20.79693751063505,20.824846813452897,20.82076422161011,6.2805308246246945,0.0029904829836531694
20.82076422161011,20.848967219911724,20.84480839917257,6.344312806408248,0.003008627175829526
20.84480839917257,20.873312318986002,20.86907655979848,6.3798950292886865,0.0030271943368313002
20.86907655979848,20.897888117748842,20.89357229120409,6.4227505989897224,0.003046062016483692
20.89357229120409,20.922699156829815,20.918301658128534,6.458441726733122,0.003065632036601851
20.918301658128534,20.947751221939686,20.943268099653174,6.505063642874908,0.003085366687197853
20.943268099653174,20.97304870931835,20.968478635530136,6.550833538898901,0.0031058193446658524
20.968478635530136,20.998598719990916,20.993938172616307,6.5925220878961275,0.003126594733078993
20.993938172616307,21.024406323985282,21.0196523526647,6.6411959389094735,0.003147739656772551
21.0196523526647,21.050477136864625,21.045627015734862,6.70846882665728,0.0031694986499626794
21.045627015734862,21.076818092069285,21.07186899779077,6.749937885487357,0.003191549245268033
21.07186899779077,21.103434919492493,21.09838331385794,6.795287524249437,0.0032143047564633367
21.09838331385794,21.130334332037464,21.1251764920313,6.853613672827842,0.00323746341611389
21.1251764920313,21.157523465238253,21.152256651875764,6.898494936627361,0.003261267821737066
21.152256651875764,21.18500974837778,21.17962950897766,6.951725156083977,0.0032854547271201334
21.17962950897766,21.212799830666572,21.20730295779827,7.020472362875279,0.0033104411030669798
21.20730295779827,21.24090219945702,21.235284463019145,7.06906412237724,0.0033358853724496647
21.235284463019145,21.269324077720494,21.26358096368141,7.125183535271448,0.003361906595041576
21.26358096368141,21.29807365524106,21.292201483627764,7.175116641927827,0.003388757008607668
21.292201483627764,21.32715953906221,21.321152914984424,7.238217626216363,0.0034160916605287363
21.321152914984424,21.356591034160388,21.350445844639665,7.291240633523139,0.0034442622711223472
21.350445844639665,21.386376951691208,21.380086918613728,7.372173842545501,0.003472972549413052
21.380086918613728,21.416526652158407,21.410087946806186,7.425770625152201,0.003502487828105864
21.410087946806186,21.44704998363773,21.44045634709694,7.486764717506658,0.0035326211497257766
21.44045634709694,21.477957463033544,21.471203709795002,7.542886285262504,0.0035638791387135513
21.471203709795002,21.509259862260645,21.502338623305405,7.616563040730492,0.0035956477903329445
21.502338623305405,21.54096774662657,21.533873863299753,7.675667443404116,0.0036285148374972146
21.533873863299753,21.573093238895506,21.56581862621406,7.763841355005055,0.003661970312532042
21.56581862621406,21.605648126464317,21.59818733386713,7.8252267409002085,0.00369648191731408
21.59818733386713,21.638644987121257,21.630989490901253,7.895465686219664,0.00373180197692817
21.630989490901253,21.672097091924737,21.664239692440276,7.96025649337856,0.0037685020521243217
21.664239692440276,21.706017734476216,21.697949211038054,8.041538331119938,0.003805841036937581
21.697949211038054,21.740421507346838,21.732134313668336,8.109080890353361,0.003844459587886266
21.732134313668336,21.775323202662502,21.76680645161232,8.20561917882887,0.0038839310533131314
21.76680645161232,21.810737893902033,21.801983860202157,8.278113317128723,0.00392481238865501
21.801983860202157,21.84668258558093,21.837680348190318,8.356926153276495,0.003966750489835398
21.837680348190318,21.883174314380526,21.873913164410435,8.435970514435514,0.004010081900685905
21.873913164410435,21.920230301445056,21.91069783672565,8.541670409390031,0.004054685626917969
21.91069783672565,21.957869051834564,21.948053675846303,8.621457171097418,0.0041005462565242195
21.948053675846303,21.996109639346926,21.98599815909958,8.710691362445122,0.004147766520965891
21.98599815909958,22.03497305302939,22.024553120267445,8.79878556990928,0.004196745393299892
22.024553120267445,22.074481374922303,22.063737501058405,8.897249265871976,0.004247333613143332
22.063737501058405,22.114656316568045,22.103573314068974,8.987616013586914,0.004299265074521584
22.103573314068974,22.155521307586664,22.144082618393178,9.085878478376124,0.0043529213345358305
22.144082618393178,22.197101822098826,22.18529055628668,9.208862966142634,0.004408584475348752
22.18529055628668,22.239423457868234,22.227221081108794,9.306240731452542,0.004466043049253945
22.227221081108794,22.282512779855427,22.269899343290756,9.41828374419177,0.0045253543260626574
22.269899343290756,22.326400818161122,22.313356589217907,9.519758462754142,0.0045869697187560995
22.313356589217907,22.371116734481614,22.357617988004417,9.634455408829858,0.004650453131253214
22.357617988004417,22.416693593983418,22.402717687753878,9.763373181269365,0.004716524982388529
22.402717687753878,22.46316529351504,22.4486862942933,9.87844650964956,0.004784779297100129
22.4486862942933,22.51056685843567,22.495557629975412,10.010515943165634,0.004855551343119667
22.495557629975412,22.558937330949288,22.543368784072243,10.142248797885923,0.004929105807708207
22.543368784072243,22.608316196111744,22.592157264447216,10.267096763896385,0.0050053949385720975
22.592157264447216,22.658745377045992,22.641961546982703,10.43403250311676,0.005084415173249561
22.641961546982703,22.71027167798404,22.692829144207625,10.563893303085218,0.005166787179166459
22.692829144207625,22.76294145359527,22.744799942888225,10.709449216361843,0.005252064443914398
22.744799942888225,22.816807254110923,22.79792729324248,10.857628884068047,0.005341191653140907
22.79792729324248,22.871923291409008,22.852258647999726,11.0058889359215,0.005433792985745191
22.852258647999726,22.928345623732664,22.907848089314836,11.167135217978263,0.005530036283598643
22.907848089314836,22.986137062049757,22.96475514049791,11.355679908949272,0.005630611940972883
22.96475514049791,23.045363427030047,23.02304087158699,11.521581516546561,0.005735083251476572
23.02304087158699,23.106093611194414,23.08276967688348,11.716581660248442,0.005844167499193504
23.08276967688348,23.168402518447856,23.144011168173623,11.905090991464725,0.005958202385088884
23.144011168173623,23.232370492065606,23.206840816940467,12.08946585112424,0.006077099413656677
23.206840816940467,23.2980827670325,23.271336355136015,12.29963318316679,0.006201145481920741
23.271336355136015,23.36563338370244,23.337587194028814,12.497479675544533,0.006331151615994217
23.337587194028814,23.435119080565205,23.405679740239737,12.714232462034964,0.0064667637500861385
23.405679740239737,23.506648404990592,23.47571652937509,12.9702813931729,0.006609182579209353
23.47571652937509,23.58033613762723,23.547801862333987,13.195872750722318,0.006757942466091972
23.547801862333987,23.65630425877924,23.622047301018117,13.439266672145012,0.006913795855436283
23.622047301018117,23.734689131008132,23.698578756024755,13.700254494372102,0.007077708414692742
23.698578756024755,23.815635920016835,23.777526037740557,13.960401656000062,0.007249573291137377
23.777526037740557,23.899300156690067,23.859030531986395,14.278035449556592,0.007429847449826449
23.859030531986395,23.985855858914036,23.943253055309345,14.560714616146795,0.007619480640411043
23.943253055309345,24.07548810346365,24.030356383494194,14.866692222441204,0.007818846218267058
24.030356383494194,24.168402394256223,24.12052660389388,15.191544175028787,0.00802944413411248
24.12052660389388,24.264821772947652,24.213960974789778,15.524135109693312,0.00825117859434512
24.213960974789778,24.36498811354003,24.31087480187951,15.917942231110032,0.00848497954782241
24.31087480187951,24.46917474956616,24.411512920325364,16.284009598531462,0.0087322553979982
24.411512920325364,24.57767587634632,24.516130759730956,16.679182012404027,0.008993882987675929
24.516130759730956,24.69082079678068,24.625014996295654,17.147123690996736,0.009271900966385322
24.625014996295654,24.808969877535795,24.73848306175364,17.581407815021972,0.009566380336416044
24.73848306175364,24.932527443994893,24.856881720816855,18.054198983590698,0.009879838332351305
24.856881720816855,25.061947361379755,24.980601262262553,18.541908349069388,0.010214426796892263
24.980601262262553,25.197727902850396,25.110064064844636,19.09560680452518,0.01057139836216927
25.110064064844636,25.340438022697846,25.24575590449359,19.651102164034192,0.010954417559635877
25.24575590449359,25.490709061081347,25.38820104863217,20.32066366778569,0.011364979292976219
25.38820104863217,25.649264601801587,25.53800927559464,20.954748333029556,0.011807559475278952
25.53800927559464,25.81691580338106,25.69584445213374,21.653023928321574,0.012284771178458331
25.69584445213374,25.994594923988828,25.862470346185404,22.388087316115012,0.012802359744101006
25.862470346185404,26.183357817247238,26.038740646992395,23.227902709948218,0.013363740129885861
26.038740646992395,26.384431441325898,26.225641726811073,24.08335851337267,0.013976164282122379
26.225641726811073,26.599214889514684,26.424275794986617,25.08936638766952,0.01464548254036767
26.424275794986617,26.829345500762592,26.635930211972568,26.095122984109253,0.01538054280578249
26.635930211972568,27.076717689330067,26.862063386522923,27.216114858730876,0.016190236936490385
26.862063386522923,27.343567313982177,27.10438205142519,28.4166437588343,0.017086292506446634
27.10438205142519,27.632509692314915,27.364845612832656,29.816022661359966,0.01808115294204162
27.364845612832656,27.946666628970128,27.645773468591916,31.262140090813286,0.019191718346634815
27.645773468591916,28.289738302675794,27.949854814497236,32.89395893515082,0.020436637816248774
27.949854814497236,28.666187268347848,28.280300584785802,34.671566041366134,0.02184030962780668
28.280300584785802,29.081378101079203,28.640894710046215,36.77694010641147,0.023430884269161067
28.640894710046215,29.541827783865745,29.036203989051362,38.97362214014497,0.02524251096346273
29.036203989051362,30.05547686289838,29.471684519859345,41.458490703202756,0.027318711859334086
29.471684519859345,30.632005145464763,29.953956918128977,44.26967390602462,0.029709354673889212
29.953956918128977,31.283225625928957,30.49104257974303,47.4737970361942,0.0324705715202319
30.49104257974303,32.02346285178154,31.09268291009883,51.03081331869943,0.03566511207500931
31.09268291009883,32.86992041728866,31.770653593172117,55.220733355023675,0.03935717702549945
31.770653593172117,33.84283887062224,32.53909657894003,59.797984489367686,0.04359801147988861
32.53909657894003,34.96524921930466,33.41461682943748,65.06419660251764,0.04842002246396518
33.41461682943748,36.262009614058094,34.41623283776993,71.0406835897897,0.05381621146821693
34.41623283776993,37.757831285462146,35.564731084971044,77.79922236926095,0.05973246139954511
35.564731084971044,39.47464554983224,36.88201997912295,85.23124121731249,0.06610480370516632
36.88201997912295,41.42858930158564,38.389202442929864,93.5963390821318,0.07283164977300798
38.389202442929864,43.63303161342918,40.10855313633305,102.50867852984818,0.08000722472382793
40.10855313633305,46.11481054775278,42.07001928733459,112.47160687424444,0.0880099918320866
42.07001928733459,48.953907954250376,44.327175807589185,123.3737093597733,0.09749850473319605
44.327175807589185,52.34705006061813,46.976159868348375,136.82055261014168,0.10922949411962057
46.976159868348375,56.66455027550748,50.148408875511194,154.99851102320085,0.12402023446041519
50.148408875511194,62.504310548540715,53.95755124683727,183.2450720430023,0.1448428219770004
53.95755124683727,70.90765720059893,58.573313880515926,227.79036289562984,0.18124405358159698
58.573313880515926,83.45169498416053,64.84710302933601,292.8562152250016,0.2661169242386094
64.84710302933601,102.67708108680596,77.26961774318123,370.78461939748007,0.5132573978754204
77.26961774318123,159.8192241331071,128.71848069269433,478.8741009606828,1.2516912156734
128.71848069269433,686.6827095803441,532.0863062783262,1703.1730688933335,3.820402205373947
532.0863062783262,9146.090720743903,5510.989071874097,36847.779012952175,10.266540001746979
5510.989071874097,675625.5309908657,336673.9813601027,3970143.1678926293,60.97950262944342
336673.9813601027,1959380126.2197084,1070616186.8525484,17175622591.977617,3179.8940152069367
1070616186.8525484,1.1506622790844408e+16,8291891065376194.0,1.0230948656203997e+17,7744971.027854476
8291891065376194.0,2.804955244175614e+29,2.0397521928481768e+29,4.758729663310662e+30,24599360709951.848
2.0397521928481768e+29,2.689464880099087e+56,1.5574571755455258e+56,5.613762357161201e+57,7.635521515830775e+26
1.5574571755455258e+56,1.1884458990677565e+110,7.258255468384398e+109,3.008436219835675e+111,4.66032426595747e+53
7.258255468384398e+109,7.258255468384398e+109,7.258255366296766e+109,1.0490252273672238e+110,0.00016766442568144396
